timestamp,voltage,current,temperature,battery_state,station_id_1,station_id_2,station_id_3,station_id_4,hour,day_of_week,is_weekend
14-07-25 00:00,411.46,29.88,23.91,81.26,0,1,0,0,0,0,0
14-07-25 00:01,384.36,29.82,27.38,44.93,0,0,1,0,0,0,0
14-07-25 00:02,410.72,31.13,24.74,78.48,0,0,1,0,0,0,0
14-07-25 00:03,397.37,32.2,24.72,39.28,0,1,0,0,0,0,0
14-07-25 00:04,394.55,33,25.84,73.14,0,0,0,1,0,0,0
14-07-25 00:05,400.67,29.96,26.11,72.08,1,0,0,0,0,0,0
14-07-25 00:06,407.82,28.7,29.63,94.76,0,0,0,1,0,0,0
14-07-25 00:07,392.48,31.61,23.62,24.3,0,0,1,0,0,0,0
14-07-25 00:08,389.36,31.17,22.08,31.14,0,0,0,1,0,0,0
14-07-25 00:09,393.39,31.78,26.59,22.8,0,0,0,1,0,0,0
14-07-25 00:10,391.51,28.94,25.63,25.95,0,0,1,0,0,0,0
14-07-25 00:11,409.31,31.23,25.56,63.4,0,0,0,1,0,0,0
14-07-25 00:12,404.98,31.87,19.26,46.8,0,0,0,1,0,0,0
14-07-25 00:13,406,29.42,23.22,26.11,0,0,1,0,0,0,0
14-07-25 00:14,400.57,33.56,30.1,59.77,0,0,1,0,0,0,0
14-07-25 00:15,394.14,28.93,20.72,62.38,0,0,0,1,0,0,0
14-07-25 00:16,396.55,32.2,27.84,79.15,1,0,0,0,0,0,0
14-07-25 00:17,415.73,31.98,27.03,36.91,1,0,0,0,0,0,0
14-07-25 00:18,406.9,31.15,23.23,90.82,0,1,0,0,0,0,0
14-07-25 00:19,406.4,32.55,21.64,20.58,0,1,0,0,0,0,0
14-07-25 00:20,414.7,32.57,22.53,94.36,1,0,0,0,0,0,0
14-07-25 00:21,384.85,35.28,27.79,46.09,1,0,0,0,0,0,0
14-07-25 00:22,399.28,31.57,27.65,79.34,0,0,0,1,0,0,0
14-07-25 00:23,405.66,33.11,19.55,82,0,1,0,0,0,0,0
14-07-25 00:24,401.9,32.81,22.54,90.86,0,0,0,1,0,0,0
14-07-25 00:25,404.24,32.49,22.48,24.15,0,0,0,1,0,0,0
14-07-25 00:26,400.92,29.24,26.89,39.67,0,0,1,0,0,0,0
14-07-25 00:27,406.9,33.58,30.07,69.58,0,0,1,0,0,0,0
14-07-25 00:28,403.93,29.61,23.24,25.02,0,1,0,0,0,0,0
14-07-25 00:29,399.47,33.96,26.53,22.76,0,0,1,0,0,0,0
14-07-25 00:30,404.5,31.19,29.95,49.03,1,0,0,0,0,0,0
14-07-25 00:31,409.35,33.73,26.26,66.5,0,1,0,0,0,0,0
14-07-25 00:32,413.09,33.43,23.53,96.34,0,0,1,0,0,0,0
14-07-25 00:33,400.78,32.82,26.3,51.35,1,0,0,0,0,0,0
14-07-25 00:34,415.98,30.94,25.42,74.41,0,0,1,0,0,0,0
14-07-25 00:35,393.97,27.41,27.25,25.42,1,0,0,0,0,0,0
14-07-25 00:36,419.56,30,27.69,68.99,0,1,0,0,0,0,0
14-07-25 00:37,392.94,30.6,24.36,90.98,0,0,0,1,0,0,0
14-07-25 00:38,401.76,30.91,20.96,25.8,0,1,0,0,0,0,0
14-07-25 00:39,408.7,28.75,22.49,23.24,1,0,0,0,0,0,0
14-07-25 00:40,406.29,32.84,22.86,83.36,0,0,1,0,0,0,0
14-07-25 00:41,401.18,32.04,26.04,82.39,0,0,1,0,0,0,0
14-07-25 00:42,413.08,31.81,23.81,50.08,1,0,0,0,0,0,0
14-07-25 00:43,414.02,31.28,26.57,55.93,0,0,0,1,0,0,0
14-07-25 00:44,409.09,32.25,27.14,96.31,0,1,0,0,0,0,0
14-07-25 00:45,398.68,29.99,27.33,73.38,0,1,0,0,0,0,0
14-07-25 00:46,408.83,31.73,21,67.98,0,1,0,0,0,0,0
14-07-25 00:47,405.57,36.57,23.78,21.74,0,1,0,0,0,0,0
14-07-25 00:48,394.68,32.19,22.39,24.35,1,0,0,0,0,0,0
14-07-25 00:49,395,29.43,24.52,43.31,0,0,1,0,0,0,0
14-07-25 00:50,402.63,29.12,21.9,76.56,1,0,0,0,0,0,0
14-07-25 00:51,411.55,31.64,26.01,23.05,0,1,0,0,0,0,0
14-07-25 00:52,411.05,32.66,24.48,54.54,0,1,0,0,0,0,0
14-07-25 00:53,387.81,32.13,24.02,84.31,0,1,0,0,0,0,0
14-07-25 00:54,401.35,28.01,27.66,72.59,0,0,0,1,0,0,0
14-07-25 00:55,392.44,35.18,21.28,35.87,1,0,0,0,0,0,0
14-07-25 00:56,404.59,34.73,23.61,85.2,0,0,1,0,0,0,0
14-07-25 00:57,386.42,29.29,27.01,31.73,0,0,1,0,0,0,0
14-07-25 00:58,389.56,31.42,26.41,91.58,0,1,0,0,0,0,0
14-07-25 00:59,393.07,33.19,23.09,98.52,0,0,0,1,0,0,0
14-07-25 01:00,399.12,32.58,19.73,82.67,0,0,1,0,1,0,0
14-07-25 01:01,397.05,30.75,22.37,20.63,0,1,0,0,1,0,0
14-07-25 01:02,387.44,33.73,21.81,48.73,0,0,0,1,1,0,0
14-07-25 01:03,393.09,34.87,26.16,67.77,0,1,0,0,1,0,0
14-07-25 01:04,390.95,29.31,19,20.31,0,1,0,0,1,0,0
14-07-25 01:05,381.81,33.08,28.91,69.8,0,1,0,0,1,0,0
14-07-25 01:06,391.78,31.72,29.87,34.31,0,1,0,0,1,0,0
14-07-25 01:07,394.27,34.61,23.96,82.77,0,0,1,0,1,0,0
14-07-25 01:08,393.55,36.1,27.66,72.32,1,0,0,0,1,0,0
14-07-25 01:09,392.37,32.8,27.78,56.84,0,1,0,0,1,0,0
14-07-25 01:10,395.97,28.79,21.54,84.34,0,0,0,1,1,0,0
14-07-25 01:11,380.21,31.82,24.76,29.18,0,0,1,0,1,0,0
14-07-25 01:12,392.2,30.81,23.82,91.39,0,1,0,0,1,0,0
14-07-25 01:13,404.72,35.02,30.68,66.79,0,1,0,0,1,0,0
14-07-25 01:14,411.83,30.8,23.02,57.31,0,0,0,1,1,0,0
14-07-25 01:15,400.2,31.93,24.17,51.77,0,1,0,0,1,0,0
14-07-25 01:16,396.37,29.81,25.71,96.98,0,0,1,0,1,0,0
14-07-25 01:17,414.57,30.41,25.76,53.12,1,0,0,0,1,0,0
14-07-25 01:18,405.63,34.59,20.49,36.56,0,1,0,0,1,0,0
14-07-25 01:19,394.83,35.32,26.72,43.21,1,0,0,0,1,0,0
14-07-25 01:20,398.03,33.93,17.48,55.17,0,0,0,1,1,0,0
14-07-25 01:21,396.61,30.8,24.43,47.79,0,0,0,1,1,0,0
14-07-25 01:22,407.3,33.38,21.59,51.49,0,0,0,1,1,0,0
14-07-25 01:23,400.66,32.82,25.59,35.41,0,0,0,1,1,0,0
14-07-25 01:24,409.25,35.12,22.79,71.77,1,0,0,0,1,0,0
14-07-25 01:25,395.84,32.21,28.11,76.56,1,0,0,0,1,0,0
14-07-25 01:26,378.75,31.64,27.72,57.36,0,1,0,0,1,0,0
14-07-25 01:27,392.1,33.86,30.44,73.25,0,0,0,1,1,0,0
14-07-25 01:28,390.65,29.99,21.22,21.34,1,0,0,0,1,0,0
14-07-25 01:29,397.7,31.34,20.02,54.06,0,0,0,1,1,0,0
14-07-25 01:30,397.04,35.14,20.62,27.99,0,0,0,1,1,0,0
14-07-25 01:31,396.14,31.38,21.86,36.97,1,0,0,0,1,0,0
14-07-25 01:32,413.4,30.11,26.16,39.96,0,0,1,0,1,0,0
14-07-25 01:33,404.73,31.26,25.35,90.33,0,0,0,1,1,0,0
14-07-25 01:34,395.96,28.87,20.77,35.11,0,0,0,1,1,0,0
14-07-25 01:35,414.24,29.69,25.9,20.84,0,1,0,0,1,0,0
14-07-25 01:36,402.5,29.83,29.75,60.47,0,0,1,0,1,0,0
14-07-25 01:37,413.74,31.01,27.49,74.46,1,0,0,0,1,0,0
14-07-25 01:38,415.62,31.32,25.56,90.88,1,0,0,0,1,0,0
14-07-25 01:39,384.97,29.44,18.52,81.14,1,0,0,0,1,0,0
14-07-25 01:40,400.2,32.81,23.97,28.02,1,0,0,0,1,0,0
14-07-25 01:41,409.15,33.43,22.41,25.93,0,0,1,0,1,0,0
14-07-25 01:42,397.46,36.57,26.12,86.75,0,1,0,0,1,0,0
14-07-25 01:43,408.88,29.91,22.07,34.03,1,0,0,0,1,0,0
14-07-25 01:44,409.39,33.93,21.11,45.01,0,0,0,1,1,0,0
14-07-25 01:45,408.89,34.06,25.07,21.45,0,0,1,0,1,0,0
14-07-25 01:46,400.85,33.38,24.55,58.17,0,0,0,1,1,0,0
14-07-25 01:47,402.64,31.36,22.8,58.38,0,1,0,0,1,0,0
14-07-25 01:48,411.97,32.9,25.48,76.37,0,0,0,1,1,0,0
14-07-25 01:49,394.34,34.08,27.2,50.88,0,1,0,0,1,0,0
14-07-25 01:50,391.01,32.1,21.94,36.31,0,0,0,1,1,0,0
14-07-25 01:51,405.9,30.29,27.57,28.96,1,0,0,0,1,0,0
14-07-25 01:52,402.96,31.42,26.62,97.97,0,0,0,1,1,0,0
14-07-25 01:53,398.37,32.25,25.52,42.3,0,0,1,0,1,0,0
14-07-25 01:54,392.33,31.24,20.42,79.71,0,1,0,0,1,0,0
14-07-25 01:55,404.86,29.66,23.64,83.18,0,1,0,0,1,0,0
14-07-25 01:56,401.1,33.29,27.35,64.73,1,0,0,0,1,0,0
14-07-25 01:57,417.74,31.3,29.22,52.1,1,0,0,0,1,0,0
14-07-25 01:58,396.48,32.14,27.74,30.02,0,0,0,1,1,0,0
14-07-25 01:59,385.88,32.11,28.35,75.34,0,1,0,0,1,0,0
14-07-25 02:00,389.74,36.5,22.72,79.32,1,0,0,0,2,0,0
14-07-25 02:01,389.57,28.4,19.37,66.33,1,0,0,0,2,0,0
14-07-25 02:02,412.54,31.85,19.21,24.11,0,1,0,0,2,0,0
14-07-25 02:03,412.17,31.4,20.75,70.24,0,0,1,0,2,0,0
14-07-25 02:04,415.52,34.31,23.52,58.48,0,0,1,0,2,0,0
14-07-25 02:05,392.25,37.16,23.39,41.98,0,0,0,1,2,0,0
14-07-25 02:06,401.26,36.12,31.85,26.54,0,0,0,1,2,0,0
14-07-25 02:07,398.1,28.16,21.59,34.34,1,0,0,0,2,0,0
14-07-25 02:08,411.62,32.49,24.74,71.51,0,0,0,1,2,0,0
14-07-25 02:09,389.76,30.24,29.27,91.76,0,0,1,0,2,0,0
14-07-25 02:10,396.98,31.55,31.36,30.24,0,0,0,1,2,0,0
14-07-25 02:11,397.76,31.2,22.61,94.61,0,0,0,1,2,0,0
14-07-25 02:12,404.76,31.41,28.68,80.1,0,0,1,0,2,0,0
14-07-25 02:13,381.96,32.7,27.4,41.03,0,0,0,1,2,0,0
14-07-25 02:14,406.4,34.32,26.07,62.1,0,0,0,1,2,0,0
14-07-25 02:15,399.31,31.01,21.95,25.58,0,0,1,0,2,0,0
14-07-25 02:16,395.6,32,26.06,52.35,0,0,1,0,2,0,0
14-07-25 02:17,422.93,27.63,25.78,44.26,0,1,0,0,2,0,0
14-07-25 02:18,404.35,30.22,28.72,41.2,0,0,1,0,2,0,0
14-07-25 02:19,397.76,33.82,30.53,50.85,0,0,0,1,2,0,0
14-07-25 02:20,384.97,29.81,23.85,49.85,0,0,0,1,2,0,0
14-07-25 02:21,387.72,31.92,26.5,66.22,1,0,0,0,2,0,0
14-07-25 02:22,396.32,31.88,24.01,49.8,0,1,0,0,2,0,0
14-07-25 02:23,398.85,32.33,21.31,68.89,1,0,0,0,2,0,0
14-07-25 02:24,404.2,28.18,26.93,62.74,0,0,1,0,2,0,0
14-07-25 02:25,401.19,33.85,23.19,82.91,0,0,1,0,2,0,0
14-07-25 02:26,396.75,32.27,20.74,79.05,1,0,0,0,2,0,0
14-07-25 02:27,398.65,31.99,23.51,26.41,0,0,0,1,2,0,0
14-07-25 02:28,411.9,31.73,24.51,69.16,0,0,1,0,2,0,0
14-07-25 02:29,407.33,32.2,25.03,41.86,0,0,1,0,2,0,0
14-07-25 02:30,389.34,32.93,23.07,52.51,0,0,0,1,2,0,0
14-07-25 02:31,406.55,31.28,21.97,91.75,1,0,0,0,2,0,0
14-07-25 02:32,402.2,34.27,23.9,31.34,0,1,0,0,2,0,0
14-07-25 02:33,399.72,33.6,27.3,56.6,0,1,0,0,2,0,0
14-07-25 02:34,394.06,31.46,28.51,55.2,0,0,0,1,2,0,0
14-07-25 02:35,408.19,29.95,27.49,54.27,1,0,0,0,2,0,0
14-07-25 02:36,402.71,32.99,22.81,57.11,1,0,0,0,2,0,0
14-07-25 02:37,400.08,32.34,29.71,43.82,0,0,1,0,2,0,0
14-07-25 02:38,380.75,30.44,26.25,93.07,1,0,0,0,2,0,0
14-07-25 02:39,399.22,35.98,22.3,55.1,0,1,0,0,2,0,0
14-07-25 02:40,401.03,31.4,22.78,86.26,0,0,0,1,2,0,0
14-07-25 02:41,406.55,33.59,27.28,70.4,0,1,0,0,2,0,0
14-07-25 02:42,387.77,33.75,26.27,89.96,0,1,0,0,2,0,0
14-07-25 02:43,400.39,29.41,25.89,74.09,0,0,0,1,2,0,0
14-07-25 02:44,400.51,32.21,25.46,54.9,1,0,0,0,2,0,0
14-07-25 02:45,393.51,31.38,29.06,23.76,1,0,0,0,2,0,0
14-07-25 02:46,387.39,29.6,26.96,47.45,1,0,0,0,2,0,0
14-07-25 02:47,405.59,33.2,26.08,38.48,1,0,0,0,2,0,0
14-07-25 02:48,395.37,30.66,29.71,95,0,0,0,1,2,0,0
14-07-25 02:49,377.02,30.27,28.44,84.26,0,0,0,1,2,0,0
14-07-25 02:50,398.57,30.14,22.77,84.72,0,0,0,1,2,0,0
14-07-25 02:51,409.02,31.97,29.51,43.31,1,0,0,0,2,0,0
14-07-25 02:52,396.65,36.33,22.89,86.89,0,0,0,1,2,0,0
14-07-25 02:53,411.01,27.41,21.47,81.16,1,0,0,0,2,0,0
14-07-25 02:54,403.72,31.52,22.11,38.79,1,0,0,0,2,0,0
14-07-25 02:55,411,34.31,25.47,80.41,0,1,0,0,2,0,0
14-07-25 02:56,389.96,29.4,27.41,94.19,0,0,1,0,2,0,0
14-07-25 02:57,393.93,30.56,23.52,57.61,0,1,0,0,2,0,0
14-07-25 02:58,408.77,32.99,26.37,71.72,0,1,0,0,2,0,0
14-07-25 02:59,396.76,35.69,28.08,98.78,0,0,1,0,2,0,0
14-07-25 03:00,393.15,30.3,29.81,51.68,0,0,1,0,3,0,0
14-07-25 03:01,412.13,29.72,26.07,71.36,1,0,0,0,3,0,0
14-07-25 03:02,376.54,33.29,24.34,58.14,0,0,0,1,3,0,0
14-07-25 03:03,410.07,32.91,25.6,54.35,0,0,1,0,3,0,0
14-07-25 03:04,411.33,32.58,22.68,85.95,0,0,0,1,3,0,0
14-07-25 03:05,400.77,31.81,26.06,88.04,0,0,1,0,3,0,0
14-07-25 03:06,401.39,32.5,23.74,44.89,0,0,0,1,3,0,0
14-07-25 03:07,413.5,34.58,26.96,80.58,0,0,1,0,3,0,0
14-07-25 03:08,398.86,33.02,23.13,26.13,1,0,0,0,3,0,0
14-07-25 03:09,410.23,31.79,23.86,56.88,1,0,0,0,3,0,0
14-07-25 03:10,393.13,30.87,29.44,44.37,0,0,0,1,3,0,0
14-07-25 03:11,398.59,34.27,22.31,66.5,0,0,1,0,3,0,0
14-07-25 03:12,400.4,35.25,24.11,43.41,0,1,0,0,3,0,0
14-07-25 03:13,386.56,33.66,27.93,24.54,0,1,0,0,3,0,0
14-07-25 03:14,416.6,30.54,25.24,24,0,1,0,0,3,0,0
14-07-25 03:15,405.08,30.76,22.54,69.51,0,0,0,1,3,0,0
14-07-25 03:16,403.2,32.36,25.79,83.55,1,0,0,0,3,0,0
14-07-25 03:17,401.8,35.44,24.37,56.39,0,1,0,0,3,0,0
14-07-25 03:18,404.6,35.59,23.36,33.29,0,0,1,0,3,0,0
14-07-25 03:19,405.46,32.09,25.89,64.3,0,0,1,0,3,0,0
14-07-25 03:20,386.66,33.34,27.25,47.1,1,0,0,0,3,0,0
14-07-25 03:21,412.61,32.72,27.98,47.98,0,0,0,1,3,0,0
14-07-25 03:22,393.24,32.55,27.49,64.8,0,0,0,1,3,0,0
14-07-25 03:23,399.5,30.68,21.09,45.01,0,1,0,0,3,0,0
14-07-25 03:24,381.65,32.71,28.6,38.87,0,0,0,1,3,0,0
14-07-25 03:25,404.06,28.23,25.06,54.78,0,1,0,0,3,0,0
14-07-25 03:26,408.2,29.66,27.2,24.35,0,0,0,1,3,0,0
14-07-25 03:27,394.43,30.33,29.06,48.26,0,0,0,1,3,0,0
14-07-25 03:28,398.26,33.9,21.23,27.11,1,0,0,0,3,0,0
14-07-25 03:29,410.23,33.29,29.28,25.75,0,0,0,1,3,0,0
14-07-25 03:30,390.48,31.29,26.48,41.38,0,1,0,0,3,0,0
14-07-25 03:31,391.68,31.19,24.11,42.77,1,0,0,0,3,0,0
14-07-25 03:32,412.54,30.49,31.45,32.56,0,0,1,0,3,0,0
14-07-25 03:33,409.11,32.59,23.4,64.97,0,0,1,0,3,0,0
14-07-25 03:34,406.82,36.42,22.78,24.65,0,0,1,0,3,0,0
14-07-25 03:35,406.63,29.48,24.64,42.61,0,0,0,1,3,0,0
14-07-25 03:36,385.55,34.65,23.62,32.19,0,1,0,0,3,0,0
14-07-25 03:37,401.87,31.65,25.33,26.6,1,0,0,0,3,0,0
14-07-25 03:38,383.78,31.63,25.13,55.84,0,0,0,1,3,0,0
14-07-25 03:39,400.61,29.59,22.19,90.8,1,0,0,0,3,0,0
14-07-25 03:40,412.83,36.14,30.96,47.85,0,0,0,1,3,0,0
14-07-25 03:41,405.66,30.16,24.69,37.19,0,0,1,0,3,0,0
14-07-25 03:42,404.46,32.32,25.35,64.16,1,0,0,0,3,0,0
14-07-25 03:43,419.43,27.78,22.54,40.67,0,1,0,0,3,0,0
14-07-25 03:44,407.13,35.74,22.03,96.24,1,0,0,0,3,0,0
14-07-25 03:45,403.87,29.68,28.22,45.22,0,0,1,0,3,0,0
14-07-25 03:46,396.27,32.33,20.29,54.22,0,1,0,0,3,0,0
14-07-25 03:47,416.39,33.42,30.25,68.48,1,0,0,0,3,0,0
14-07-25 03:48,389.13,33.73,30.77,47.48,1,0,0,0,3,0,0
14-07-25 03:49,391.7,32.34,28.82,77.7,1,0,0,0,3,0,0
14-07-25 03:50,388.71,30.81,24.49,91.11,0,0,0,1,3,0,0
14-07-25 03:51,410.91,31.15,23.62,55.99,0,1,0,0,3,0,0
14-07-25 03:52,412.7,32.56,24.56,92.16,0,1,0,0,3,0,0
14-07-25 03:53,407.86,31.5,22.32,61.1,1,0,0,0,3,0,0
14-07-25 03:54,399,29.15,26.81,78.29,0,0,1,0,3,0,0
14-07-25 03:55,405.57,31.67,22.02,91.72,0,1,0,0,3,0,0
14-07-25 03:56,405.77,31.33,26.87,99.77,1,0,0,0,3,0,0
14-07-25 03:57,396.41,34.35,23.96,82.9,0,0,1,0,3,0,0
14-07-25 03:58,404.66,33.89,23.91,30.29,0,0,0,1,3,0,0
14-07-25 03:59,403.85,31.82,29.21,59.02,1,0,0,0,3,0,0
14-07-25 04:00,411.28,34.78,31.52,37.16,0,0,0,1,4,0,0
14-07-25 04:01,376.85,29.66,30.73,44.55,0,0,0,1,4,0,0
14-07-25 04:02,389.51,33.74,22.94,23.99,0,1,0,0,4,0,0
14-07-25 04:03,407.37,28.93,25.78,22.3,0,1,0,0,4,0,0
14-07-25 04:04,403.26,30.14,21.55,99.15,0,1,0,0,4,0,0
14-07-25 04:05,394.89,34.47,21.22,68.92,1,0,0,0,4,0,0
14-07-25 04:06,414.55,27.51,18.92,58.08,0,0,1,0,4,0,0
14-07-25 04:07,373.34,35.97,28.37,99.13,1,0,0,0,4,0,0
14-07-25 04:08,413.32,28.06,23.38,28.24,0,0,1,0,4,0,0
14-07-25 04:09,397.04,34.68,20.51,58.68,1,0,0,0,4,0,0
14-07-25 04:10,399.45,28.98,27.46,64.52,1,0,0,0,4,0,0
14-07-25 04:11,408.25,34.64,26.42,42.92,1,0,0,0,4,0,0
14-07-25 04:12,400.21,33.86,23.78,25.25,0,1,0,0,4,0,0
14-07-25 04:13,405.81,31.01,29.4,20.48,0,1,0,0,4,0,0
14-07-25 04:14,401.11,32.12,25.11,86.51,0,0,1,0,4,0,0
14-07-25 04:15,403.25,31.61,22.38,67.59,0,0,0,1,4,0,0
14-07-25 04:16,394.98,29.02,25.77,58.28,1,0,0,0,4,0,0
14-07-25 04:17,411.3,31.72,26.34,98.86,0,1,0,0,4,0,0
14-07-25 04:18,409.22,28.98,23.46,56.71,0,0,1,0,4,0,0
14-07-25 04:19,389.3,30.66,24.1,48.19,0,0,0,1,4,0,0
14-07-25 04:20,394.63,32.68,25.29,98.3,1,0,0,0,4,0,0
14-07-25 04:21,397.58,35.86,17.98,99.37,1,0,0,0,4,0,0
14-07-25 04:22,407.7,33.29,25.81,71.6,0,0,0,1,4,0,0
14-07-25 04:23,401.65,31.48,27.92,80.64,0,0,0,1,4,0,0
14-07-25 04:24,398.23,33.79,25.78,68.19,0,0,1,0,4,0,0
14-07-25 04:25,386.75,31.19,28.61,80.79,0,1,0,0,4,0,0
14-07-25 04:26,387.79,32.61,29.08,28.49,0,0,0,1,4,0,0
14-07-25 04:27,392.99,30.56,23.46,35.65,0,0,1,0,4,0,0
14-07-25 04:28,404.81,30.67,25,33.86,0,0,0,1,4,0,0
14-07-25 04:29,391.81,34.11,31.21,66.59,0,0,0,1,4,0,0
14-07-25 04:30,393.52,28.27,21.46,68.35,0,0,1,0,4,0,0
14-07-25 04:31,408.18,29.09,20.51,34.48,0,0,1,0,4,0,0
14-07-25 04:32,396.25,27.89,25.76,66.17,1,0,0,0,4,0,0
14-07-25 04:33,396.2,34.58,26.81,87.25,0,1,0,0,4,0,0
14-07-25 04:34,378.78,31.8,27.85,66.56,0,0,1,0,4,0,0
14-07-25 04:35,409.8,33.1,21.41,77.65,0,0,0,1,4,0,0
14-07-25 04:36,428.6,32.08,24.38,58.2,0,0,0,1,4,0,0
14-07-25 04:37,418.86,32.46,27.97,52.66,0,1,0,0,4,0,0
14-07-25 04:38,410.41,30.72,21.66,50.03,0,0,0,1,4,0,0
14-07-25 04:39,397.32,32.95,27.74,30.73,0,1,0,0,4,0,0
14-07-25 04:40,398.41,33.47,21.48,89.47,0,0,1,0,4,0,0
14-07-25 04:41,400.68,30.77,25.45,81.67,1,0,0,0,4,0,0
14-07-25 04:42,397,31.87,24.59,94.69,1,0,0,0,4,0,0
14-07-25 04:43,397.45,31.74,25.47,35.94,0,0,0,1,4,0,0
14-07-25 04:44,394.97,32.19,23.59,67.56,0,1,0,0,4,0,0
14-07-25 04:45,389.18,31.95,27.52,98.39,0,0,0,1,4,0,0
14-07-25 04:46,404.32,33.2,17.41,21.79,0,1,0,0,4,0,0
14-07-25 04:47,398.76,32.71,23.27,88.13,0,1,0,0,4,0,0
14-07-25 04:48,407.32,29.73,23.04,56.39,0,0,0,1,4,0,0
14-07-25 04:49,402.83,27.4,21.01,67.24,0,0,1,0,4,0,0
14-07-25 04:50,415.38,30.91,29.53,43.36,0,1,0,0,4,0,0
14-07-25 04:51,393.65,32.43,25.34,71.78,1,0,0,0,4,0,0
14-07-25 04:52,393.62,30.09,20.19,49.2,0,0,0,1,4,0,0
14-07-25 04:53,397.46,30.62,23.17,82.46,0,0,1,0,4,0,0
14-07-25 04:54,380.69,37.4,27.49,98.72,0,0,0,1,4,0,0
14-07-25 04:55,396.78,31.83,29.42,39.3,0,0,0,1,4,0,0
14-07-25 04:56,405.84,33.03,24.11,30.19,0,0,0,1,4,0,0
14-07-25 04:57,392.8,33.9,26.33,41.46,0,0,0,1,4,0,0
14-07-25 04:58,419.74,31.87,28.59,25.51,0,1,0,0,4,0,0
14-07-25 04:59,393.76,29.4,31.22,81.83,0,0,0,1,4,0,0
14-07-25 05:00,396.43,29.04,27.54,90.1,0,1,0,0,5,0,0
14-07-25 05:01,401.65,32.33,22.37,70.09,0,0,0,1,5,0,0
14-07-25 05:02,382.28,28.59,22.21,47.52,0,0,1,0,5,0,0
14-07-25 05:03,413.4,34.92,24.53,57.47,1,0,0,0,5,0,0
14-07-25 05:04,401.91,34.1,19.43,25.23,1,0,0,0,5,0,0
14-07-25 05:05,388.1,35.39,23.18,85,1,0,0,0,5,0,0
14-07-25 05:06,388.67,30.8,26.58,44.04,0,0,1,0,5,0,0
14-07-25 05:07,403.29,34.15,25.71,73.96,1,0,0,0,5,0,0
14-07-25 05:08,404.97,30.18,27.65,40.84,0,0,1,0,5,0,0
14-07-25 05:09,411.53,33.48,25.28,72.17,0,0,0,1,5,0,0
14-07-25 05:10,399.29,33.93,20.97,28.07,1,0,0,0,5,0,0
14-07-25 05:11,388.16,31.43,27.19,46.42,0,1,0,0,5,0,0
14-07-25 05:12,384.77,34.41,18.1,75.92,0,0,1,0,5,0,0
14-07-25 05:13,401.08,32.04,30.21,72.29,0,0,0,1,5,0,0
14-07-25 05:14,400.62,32.64,24.4,44.94,0,0,0,1,5,0,0
14-07-25 05:15,419.42,35.74,25.24,21.5,0,0,0,1,5,0,0
14-07-25 05:16,391.76,32.93,21.41,98.24,1,0,0,0,5,0,0
14-07-25 05:17,390.22,31.07,26.99,33.45,0,0,1,0,5,0,0
14-07-25 05:18,394.19,31.61,23.53,62.45,0,0,1,0,5,0,0
14-07-25 05:19,395.57,30.35,21.36,25.59,0,0,0,1,5,0,0
14-07-25 05:20,403.82,29.65,22.44,44.9,0,1,0,0,5,0,0
14-07-25 05:21,395.18,29.88,20.26,24.01,0,1,0,0,5,0,0
14-07-25 05:22,405.44,31.31,19.42,70.8,0,0,1,0,5,0,0
14-07-25 05:23,403.38,33.57,22.58,79.16,0,0,0,1,5,0,0
14-07-25 05:24,406.39,30.75,21.79,72.3,1,0,0,0,5,0,0
14-07-25 05:25,398.67,29.83,26.19,91.97,0,0,1,0,5,0,0
14-07-25 05:26,404.09,34.69,27.08,30.35,0,1,0,0,5,0,0
14-07-25 05:27,389.77,31.85,20.95,36.96,0,0,0,1,5,0,0
14-07-25 05:28,399.98,30.69,31.32,63.4,0,0,0,1,5,0,0
14-07-25 05:29,394.82,32.08,30.84,86.89,0,1,0,0,5,0,0
14-07-25 05:30,390.57,30.86,18.64,75.37,0,0,0,1,5,0,0
14-07-25 05:31,375.26,31.39,25.56,52.03,1,0,0,0,5,0,0
14-07-25 05:32,398.69,31.48,28.52,50.27,0,1,0,0,5,0,0
14-07-25 05:33,401.53,32.13,22.73,97.98,1,0,0,0,5,0,0
14-07-25 05:34,409.16,36.4,24.64,97.31,0,0,0,1,5,0,0
14-07-25 05:35,399.81,32.28,22.41,32.32,0,0,0,1,5,0,0
14-07-25 05:36,400.84,34.01,23.42,96.89,0,1,0,0,5,0,0
14-07-25 05:37,407.55,28.84,28.52,92.54,0,0,1,0,5,0,0
14-07-25 05:38,399.78,29.52,27.71,69.22,0,0,1,0,5,0,0
14-07-25 05:39,397.48,33.07,23.43,44.05,0,0,0,1,5,0,0
14-07-25 05:40,410.63,30.4,23.67,35.79,0,1,0,0,5,0,0
14-07-25 05:41,415.49,29.45,20.64,56.68,0,0,1,0,5,0,0
14-07-25 05:42,403.13,30.36,21.78,92.61,0,0,0,1,5,0,0
14-07-25 05:43,394.17,28.91,26.3,32.3,0,0,1,0,5,0,0
14-07-25 05:44,387.1,34.63,30.3,83.06,1,0,0,0,5,0,0
14-07-25 05:45,408.91,33.75,23.6,91.58,0,0,0,1,5,0,0
14-07-25 05:46,407.33,31.97,25.43,59.41,0,0,0,1,5,0,0
14-07-25 05:47,393.03,32.41,27.01,82.06,0,0,0,1,5,0,0
14-07-25 05:48,411.14,30.82,22.05,68.63,0,0,0,1,5,0,0
14-07-25 05:49,395.58,35.15,28.73,91.72,1,0,0,0,5,0,0
14-07-25 05:50,403.2,28.43,22.77,82.95,0,0,0,1,5,0,0
14-07-25 05:51,392.25,30.02,23.96,41.35,1,0,0,0,5,0,0
14-07-25 05:52,380.64,27.03,16.48,81.9,1,0,0,0,5,0,0
14-07-25 05:53,395.25,25.4,22.49,43.9,0,1,0,0,5,0,0
14-07-25 05:54,413.42,31.34,23.01,21.67,0,0,1,0,5,0,0
14-07-25 05:55,401.59,36.45,21.8,99.79,0,1,0,0,5,0,0
14-07-25 05:56,394.39,30.41,28.36,71.05,0,0,0,1,5,0,0
14-07-25 05:57,401.2,33.78,26.64,29.7,0,1,0,0,5,0,0
14-07-25 05:58,401.99,34.09,25.26,62.28,1,0,0,0,5,0,0
14-07-25 05:59,388.12,32.94,21.59,32.79,0,0,0,1,5,0,0
14-07-25 06:00,399.43,30.3,22,21.1,0,1,0,0,6,0,0
14-07-25 06:01,405.63,32.68,24.45,47.25,0,0,1,0,6,0,0
14-07-25 06:02,404.89,30.57,25.56,39.72,0,1,0,0,6,0,0
14-07-25 06:03,383.69,34.53,27.4,94.81,0,1,0,0,6,0,0
14-07-25 06:04,403.06,30.05,26.94,20.22,0,0,0,1,6,0,0
14-07-25 06:05,392.48,30.62,28.49,49.82,0,0,0,1,6,0,0
14-07-25 06:06,412.62,35.17,19.07,56.6,0,0,1,0,6,0,0
14-07-25 06:07,389.88,35.66,24.28,27.16,1,0,0,0,6,0,0
14-07-25 06:08,403.58,37.02,29.61,38.33,0,0,0,1,6,0,0
14-07-25 06:09,402.67,30.79,19.99,63.47,0,1,0,0,6,0,0
14-07-25 06:10,396.8,31.6,27.47,49.47,0,1,0,0,6,0,0
14-07-25 06:11,392.52,30.06,23.55,91.61,0,0,0,1,6,0,0
14-07-25 06:12,408.57,32.02,25.07,63.47,1,0,0,0,6,0,0
14-07-25 06:13,392.43,25.05,23.17,58.1,0,1,0,0,6,0,0
14-07-25 06:14,386.52,31.96,29.93,52.69,0,0,0,1,6,0,0
14-07-25 06:15,416.7,35.13,22.5,90.76,0,0,0,1,6,0,0
14-07-25 06:16,414.11,34.21,28.81,89.43,1,0,0,0,6,0,0
14-07-25 06:17,411.02,35.34,20.41,87.03,0,1,0,0,6,0,0
14-07-25 06:18,396.65,36.26,23.37,53.74,1,0,0,0,6,0,0
14-07-25 06:19,390.62,35.29,26.46,43.83,1,0,0,0,6,0,0
14-07-25 06:20,404.68,32.73,25.56,46.42,0,1,0,0,6,0,0
14-07-25 06:21,404.62,27.56,22.93,24.84,0,1,0,0,6,0,0
14-07-25 06:22,387.93,33.69,27.05,75.95,1,0,0,0,6,0,0
14-07-25 06:23,395.01,28.98,25.11,37,0,0,1,0,6,0,0
14-07-25 06:24,402.76,32.89,20.92,55.45,0,1,0,0,6,0,0
14-07-25 06:25,383.03,31.77,30.16,45.66,0,0,0,1,6,0,0
14-07-25 06:26,412.26,31.98,24.1,23.23,0,0,0,1,6,0,0
14-07-25 06:27,394.95,35.02,26.21,59.32,0,1,0,0,6,0,0
14-07-25 06:28,413.55,29.79,26.51,38.36,0,0,1,0,6,0,0
14-07-25 06:29,407.71,32.46,25.4,66.19,0,1,0,0,6,0,0
14-07-25 06:30,394.28,33.36,25.92,51.68,1,0,0,0,6,0,0
14-07-25 06:31,406.73,30.46,23.92,35.59,0,0,0,1,6,0,0
14-07-25 06:32,396.74,35.08,27.63,85.78,1,0,0,0,6,0,0
14-07-25 06:33,384.05,30.25,26.97,70.31,1,0,0,0,6,0,0
14-07-25 06:34,396.7,30.31,23.89,90.5,0,1,0,0,6,0,0
14-07-25 06:35,417.63,30.4,27.57,23.1,0,1,0,0,6,0,0
14-07-25 06:36,404.22,32.99,19.26,36.99,1,0,0,0,6,0,0
14-07-25 06:37,398.73,32.27,18.02,36.46,1,0,0,0,6,0,0
14-07-25 06:38,390.79,32.83,26.1,30.85,1,0,0,0,6,0,0
14-07-25 06:39,394.36,32.39,21.68,39.61,1,0,0,0,6,0,0
14-07-25 06:40,393.67,33.64,25.53,28.95,0,0,1,0,6,0,0
14-07-25 06:41,411.36,28.47,26.83,66.24,1,0,0,0,6,0,0
14-07-25 06:42,398.66,34.76,25.91,51.21,0,0,0,1,6,0,0
14-07-25 06:43,396.09,29.97,27.51,44.87,0,0,1,0,6,0,0
14-07-25 06:44,398.67,31.88,27,82.7,0,0,0,1,6,0,0
14-07-25 06:45,416.16,34.12,26.9,62.64,1,0,0,0,6,0,0
14-07-25 06:46,397.72,33.58,25.16,82.81,0,1,0,0,6,0,0
14-07-25 06:47,398.93,29.09,31.35,92.68,0,1,0,0,6,0,0
14-07-25 06:48,411.16,32.44,27.32,32.16,0,0,1,0,6,0,0
14-07-25 06:49,392.9,32.75,25.74,57.59,0,0,0,1,6,0,0
14-07-25 06:50,382.39,31.85,29.11,28.05,0,0,1,0,6,0,0
14-07-25 06:51,395.49,30.53,26.35,84.69,0,1,0,0,6,0,0
14-07-25 06:52,401.28,34.3,23.34,37.98,0,0,0,1,6,0,0
14-07-25 06:53,397.6,29.61,26.65,87.16,0,1,0,0,6,0,0
14-07-25 06:54,395.4,30.22,27.01,62.79,1,0,0,0,6,0,0
14-07-25 06:55,395.9,32.32,23.8,87.12,0,0,0,1,6,0,0
14-07-25 06:56,398.05,32.74,22.16,68.66,0,0,0,1,6,0,0
14-07-25 06:57,410.19,30.19,22.04,29.07,0,0,0,1,6,0,0
14-07-25 06:58,414.57,33.01,22.65,61.13,1,0,0,0,6,0,0
14-07-25 06:59,410.4,34.06,25.45,45.25,0,1,0,0,6,0,0
14-07-25 07:00,398.49,30.58,30.93,60.19,1,0,0,0,7,0,0
14-07-25 07:01,397.78,33.56,25.32,55.47,0,1,0,0,7,0,0
14-07-25 07:02,403.18,33.8,23.04,83.96,1,0,0,0,7,0,0
14-07-25 07:03,389.64,31.63,24.63,65.15,0,1,0,0,7,0,0
14-07-25 07:04,400.66,32.9,25.07,59.05,0,0,0,1,7,0,0
14-07-25 07:05,408.8,36.53,27.74,46.42,1,0,0,0,7,0,0
14-07-25 07:06,392.45,30.7,26.88,43.68,0,0,1,0,7,0,0
14-07-25 07:07,380.79,30.99,21.04,75.89,1,0,0,0,7,0,0
14-07-25 07:08,402.35,25.35,25.73,28.08,0,1,0,0,7,0,0
14-07-25 07:09,400.02,30.44,18.72,70.73,0,0,1,0,7,0,0
14-07-25 07:10,403.48,34.55,29.77,72.61,1,0,0,0,7,0,0
14-07-25 07:11,421.93,33.34,25.15,26.99,0,0,1,0,7,0,0
14-07-25 07:12,390.79,27.89,26.44,28.57,0,0,1,0,7,0,0
14-07-25 07:13,405.94,29.36,25,56.3,0,1,0,0,7,0,0
14-07-25 07:14,378.81,32.32,24.45,48.53,0,0,1,0,7,0,0
14-07-25 07:15,417.79,31.71,20.37,29.05,0,0,1,0,7,0,0
14-07-25 07:16,395.14,31.56,25.47,84.83,1,0,0,0,7,0,0
14-07-25 07:17,410.7,33.1,29.35,20.08,0,1,0,0,7,0,0
14-07-25 07:18,418.63,31.81,24.43,60.71,0,0,0,1,7,0,0
14-07-25 07:19,403.26,27.59,25.93,76.7,0,0,1,0,7,0,0
14-07-25 07:20,400.09,32.13,22.65,59.22,0,0,0,1,7,0,0
14-07-25 07:21,400.08,31.53,23.51,94.48,0,0,1,0,7,0,0
14-07-25 07:22,403.27,34.69,25.45,81.2,1,0,0,0,7,0,0
14-07-25 07:23,401.12,30.16,27.15,25.52,0,0,0,1,7,0,0
14-07-25 07:24,410.66,33.22,24.26,36.39,0,1,0,0,7,0,0
14-07-25 07:25,396.73,32.41,27.29,83.86,0,1,0,0,7,0,0
14-07-25 07:26,410.47,34.35,24.78,45.91,0,0,1,0,7,0,0
14-07-25 07:27,399.98,29.28,22.58,48.78,0,0,1,0,7,0,0
14-07-25 07:28,418.36,30.11,22.9,75.07,1,0,0,0,7,0,0
14-07-25 07:29,410.14,31.94,28.25,34.91,0,0,0,1,7,0,0
14-07-25 07:30,393.55,31.55,24.67,44.63,0,1,0,0,7,0,0
14-07-25 07:31,398.06,33.21,21.18,38.52,0,1,0,0,7,0,0
14-07-25 07:32,408.17,32.58,26.55,30.77,1,0,0,0,7,0,0
14-07-25 07:33,413.6,32.94,26.45,96.16,1,0,0,0,7,0,0
14-07-25 07:34,407.31,33.35,24.24,39.21,1,0,0,0,7,0,0
14-07-25 07:35,398.84,32.7,26.86,33.44,0,0,0,1,7,0,0
14-07-25 07:36,398.18,32.49,26.58,30.01,0,0,0,1,7,0,0
14-07-25 07:37,398.76,32.5,33.57,69.58,1,0,0,0,7,0,0
14-07-25 07:38,392.72,30.78,26.07,91.69,0,1,0,0,7,0,0
14-07-25 07:39,391.2,31.02,24.02,70.25,1,0,0,0,7,0,0
14-07-25 07:40,412.73,36.38,25.13,60.89,1,0,0,0,7,0,0
14-07-25 07:41,426.84,31.47,24.87,69.74,0,0,0,1,7,0,0
14-07-25 07:42,394.99,28.79,25.62,90.81,0,1,0,0,7,0,0
14-07-25 07:43,387.48,32.88,27.89,33.64,1,0,0,0,7,0,0
14-07-25 07:44,397.87,30.34,25.76,70.11,0,0,1,0,7,0,0
14-07-25 07:45,404.72,34.83,24.57,54.34,0,0,1,0,7,0,0
14-07-25 07:46,399.56,36.27,27.92,68.98,0,0,1,0,7,0,0
14-07-25 07:47,386.99,34.02,21.6,68.7,0,0,0,1,7,0,0
14-07-25 07:48,385.73,33.35,22.76,83.73,1,0,0,0,7,0,0
14-07-25 07:49,394.79,32.63,25.29,29.09,0,0,0,1,7,0,0
14-07-25 07:50,405.08,31.81,23.29,65.06,0,0,1,0,7,0,0
14-07-25 07:51,418.34,32.85,29.98,32.9,1,0,0,0,7,0,0
14-07-25 07:52,387.9,34.4,25.92,48.22,0,0,0,1,7,0,0
14-07-25 07:53,383.28,29,22,48.49,0,1,0,0,7,0,0
14-07-25 07:54,406.13,33.3,26.31,96.48,1,0,0,0,7,0,0
14-07-25 07:55,415.1,31.84,24.84,73.21,0,1,0,0,7,0,0
14-07-25 07:56,411.2,31.82,32.22,63.31,0,0,1,0,7,0,0
14-07-25 07:57,394.11,30.16,25.35,55.63,0,0,0,1,7,0,0
14-07-25 07:58,403.15,30.87,30.98,43.68,0,1,0,0,7,0,0
14-07-25 07:59,408.9,34.82,21.33,30.08,0,0,1,0,7,0,0
14-07-25 08:00,397.5,27.76,21.29,20.55,0,1,0,0,8,0,0
14-07-25 08:01,423.05,30.46,26.16,47.99,0,0,1,0,8,0,0
14-07-25 08:02,401.71,29.59,26.15,91.06,0,1,0,0,8,0,0
14-07-25 08:03,414.07,28.42,31.58,81.8,1,0,0,0,8,0,0
14-07-25 08:04,387.64,32.93,27.79,98.83,1,0,0,0,8,0,0
14-07-25 08:05,405.9,29.96,20.55,34.14,1,0,0,0,8,0,0
14-07-25 08:06,397.79,29.76,27.17,39.06,0,0,1,0,8,0,0
14-07-25 08:07,408.61,31.14,24.61,87.64,1,0,0,0,8,0,0
14-07-25 08:08,400.62,33.07,22.51,98.06,0,0,1,0,8,0,0
14-07-25 08:09,390.55,28.09,20.86,98.94,1,0,0,0,8,0,0
14-07-25 08:10,409.42,33.59,25.31,39.54,0,0,1,0,8,0,0
14-07-25 08:11,409.97,29.88,26.45,31.24,0,0,0,1,8,0,0
14-07-25 08:12,393.74,30.51,25.24,64.66,0,1,0,0,8,0,0
14-07-25 08:13,393.13,30.31,24.46,47.15,0,1,0,0,8,0,0
14-07-25 08:14,412.97,33.42,22.98,80.38,1,0,0,0,8,0,0
14-07-25 08:15,414.7,33.17,30.93,68.14,1,0,0,0,8,0,0
14-07-25 08:16,402.63,33.23,25.42,37.14,0,0,0,1,8,0,0
14-07-25 08:17,407.67,31.3,29.04,86.56,0,1,0,0,8,0,0
14-07-25 08:18,396.63,29.34,22.65,79.1,1,0,0,0,8,0,0
14-07-25 08:19,394.79,33.84,27.9,42.55,0,0,1,0,8,0,0
14-07-25 08:20,404.52,33.39,25.5,25.61,1,0,0,0,8,0,0
14-07-25 08:21,399.55,32.73,22.62,98.6,0,0,1,0,8,0,0
14-07-25 08:22,393.25,29.86,28.53,84.83,0,0,0,1,8,0,0
14-07-25 08:23,391.97,28.13,24.46,49.44,0,1,0,0,8,0,0
14-07-25 08:24,406.42,32.53,28.31,65.67,0,0,1,0,8,0,0
14-07-25 08:25,404.55,32.62,25.68,27.14,0,1,0,0,8,0,0
14-07-25 08:26,401.24,31.77,24.53,72.17,0,0,1,0,8,0,0
14-07-25 08:27,390.91,31.31,25.13,55.56,0,0,0,1,8,0,0
14-07-25 08:28,395.51,30,27.48,70.98,0,1,0,0,8,0,0
14-07-25 08:29,387.61,32.17,21.67,20.98,0,0,1,0,8,0,0
14-07-25 08:30,389.6,34.02,25.2,46.16,0,0,1,0,8,0,0
14-07-25 08:31,425.28,31.29,15.45,39.8,0,0,0,1,8,0,0
14-07-25 08:32,418.13,34.94,24.27,50.03,1,0,0,0,8,0,0
14-07-25 08:33,389.15,30.46,30.59,40.92,0,0,0,1,8,0,0
14-07-25 08:34,415.39,35.3,26.65,72.52,0,1,0,0,8,0,0
14-07-25 08:35,415.11,34.54,23.52,61.07,0,1,0,0,8,0,0
14-07-25 08:36,393.84,33.41,26,81.31,0,1,0,0,8,0,0
14-07-25 08:37,381.22,36.23,26.51,79.9,0,0,1,0,8,0,0
14-07-25 08:38,395.18,29.66,26.33,64.3,0,0,1,0,8,0,0
14-07-25 08:39,397.92,33.57,23.65,95.43,0,0,0,1,8,0,0
14-07-25 08:40,398.58,33.63,24.56,58.23,0,0,0,1,8,0,0
14-07-25 08:41,402.66,31.3,22.11,63.18,0,0,0,1,8,0,0
14-07-25 08:42,405.05,31.36,24.05,42.93,0,0,0,1,8,0,0
14-07-25 08:43,407.45,34.14,22.08,63.21,0,0,1,0,8,0,0
14-07-25 08:44,408.01,29.81,21.41,33.23,1,0,0,0,8,0,0
14-07-25 08:45,407.92,28.42,28.23,48.03,0,1,0,0,8,0,0
14-07-25 08:46,407.35,35.34,25.23,20.68,0,0,0,1,8,0,0
14-07-25 08:47,392.13,30.87,27.25,71.14,0,1,0,0,8,0,0
14-07-25 08:48,398.62,32.09,22.66,35.78,0,0,1,0,8,0,0
14-07-25 08:49,399.28,36.63,22.07,45.62,0,0,1,0,8,0,0
14-07-25 08:50,411.34,32.84,21.04,90.92,0,0,0,1,8,0,0
14-07-25 08:51,389.66,28.07,21.88,38.23,0,0,0,1,8,0,0
14-07-25 08:52,408.39,31.8,24.3,28.45,0,0,0,1,8,0,0
14-07-25 08:53,401.51,30.19,24.43,70.77,0,0,0,1,8,0,0
14-07-25 08:54,398.77,32.13,29.28,69.94,0,0,0,1,8,0,0
14-07-25 08:55,407.67,34.01,24.84,28.17,0,0,1,0,8,0,0
14-07-25 08:56,388.48,31.29,27.44,74.36,0,0,1,0,8,0,0
14-07-25 08:57,403.1,32.5,17.87,93.13,0,0,1,0,8,0,0
14-07-25 08:58,402.03,30.63,24.04,72.84,1,0,0,0,8,0,0
14-07-25 08:59,389.09,31.99,23.99,26.9,1,0,0,0,8,0,0
14-07-25 09:00,402.77,30.3,20.5,73.44,0,0,1,0,9,0,0
14-07-25 09:01,403.27,32.21,24.49,93.19,0,1,0,0,9,0,0
14-07-25 09:02,381.16,34.83,27.56,90.97,0,0,0,1,9,0,0
14-07-25 09:03,382.74,32.54,28.56,71.94,0,0,1,0,9,0,0
14-07-25 09:04,382.25,30.5,25.82,62.91,0,1,0,0,9,0,0
14-07-25 09:05,393.13,33.58,21.04,60.72,1,0,0,0,9,0,0
14-07-25 09:06,398.66,30.49,23.82,26.92,0,0,1,0,9,0,0
14-07-25 09:07,407.2,32.58,18.69,37.83,0,0,0,1,9,0,0
14-07-25 09:08,402.63,30.2,26.72,90.34,0,0,1,0,9,0,0
14-07-25 09:09,412.58,30.48,22.92,23.56,0,0,1,0,9,0,0
14-07-25 09:10,415.62,32.66,26.22,80.36,1,0,0,0,9,0,0
14-07-25 09:11,409.91,33.96,26.21,66.73,0,0,1,0,9,0,0
14-07-25 09:12,409.05,33.3,30.04,59.87,0,0,1,0,9,0,0
14-07-25 09:13,383.22,34.33,23.68,57.65,0,0,0,1,9,0,0
14-07-25 09:14,381.73,30.85,20.45,75.81,0,0,1,0,9,0,0
14-07-25 09:15,387.96,28.61,23.23,90.88,1,0,0,0,9,0,0
14-07-25 09:16,404.66,33.85,27.74,38.68,0,0,0,1,9,0,0
14-07-25 09:17,404.12,28.61,26.2,24.73,0,0,1,0,9,0,0
14-07-25 09:18,394.59,32.61,26.7,95.1,0,0,1,0,9,0,0
14-07-25 09:19,403.35,29.38,25.43,20.91,0,0,1,0,9,0,0
14-07-25 09:20,407.08,27.8,24.75,53.24,0,0,1,0,9,0,0
14-07-25 09:21,392.3,33.77,28.13,69.2,0,0,1,0,9,0,0
14-07-25 09:22,396.86,32.58,21.63,83.14,1,0,0,0,9,0,0
14-07-25 09:23,389.57,34.1,24.83,91.56,0,0,1,0,9,0,0
14-07-25 09:24,400.34,30.92,30.07,20.71,0,0,0,1,9,0,0
14-07-25 09:25,394.94,34.8,26.05,67.83,0,0,1,0,9,0,0
14-07-25 09:26,415.81,32.26,22.36,24.95,0,1,0,0,9,0,0
14-07-25 09:27,406.87,32.28,26.36,38.76,0,0,1,0,9,0,0
14-07-25 09:28,395.84,29.56,27.69,39.27,0,1,0,0,9,0,0
14-07-25 09:29,414.91,34.17,32.66,48.8,0,1,0,0,9,0,0
14-07-25 09:30,390.21,31.19,29.3,48.08,1,0,0,0,9,0,0
14-07-25 09:31,395.34,30.37,26.93,43.97,0,0,0,1,9,0,0
14-07-25 09:32,401.99,33.15,25.48,89.37,0,0,1,0,9,0,0
14-07-25 09:33,400.74,33.12,25.32,29.45,1,0,0,0,9,0,0
14-07-25 09:34,400.23,29.06,21.43,52.84,0,0,0,1,9,0,0
14-07-25 09:35,399.87,29.51,27.44,55.48,0,0,0,1,9,0,0
14-07-25 09:36,395.77,32.64,24.32,24.98,1,0,0,0,9,0,0
14-07-25 09:37,411.59,31.74,25.88,83.89,1,0,0,0,9,0,0
14-07-25 09:38,399.03,31.77,24.75,94.07,0,0,0,1,9,0,0
14-07-25 09:39,408,30.32,24.02,77.54,0,0,1,0,9,0,0
14-07-25 09:40,395.15,30.97,20.18,39.12,1,0,0,0,9,0,0
14-07-25 09:41,410.57,33.48,19.23,83.07,1,0,0,0,9,0,0
14-07-25 09:42,398.74,35.9,28.33,21.22,1,0,0,0,9,0,0
14-07-25 09:43,394.79,31.19,19.34,57.52,0,0,1,0,9,0,0
14-07-25 09:44,388.35,30.29,24.09,31.13,0,0,1,0,9,0,0
14-07-25 09:45,407.97,29.42,26.44,61.97,0,0,0,1,9,0,0
14-07-25 09:46,410.12,30.79,24.08,96.24,0,0,1,0,9,0,0
14-07-25 09:47,387.09,31.97,20.25,88.65,0,1,0,0,9,0,0
14-07-25 09:48,400.42,35.2,25.44,70.59,0,0,0,1,9,0,0
14-07-25 09:49,413.99,30.58,24.3,99.5,0,0,1,0,9,0,0
14-07-25 09:50,387.98,28.66,20.8,45,1,0,0,0,9,0,0
14-07-25 09:51,416.17,30.69,21.22,87.87,0,1,0,0,9,0,0
14-07-25 09:52,393.8,34.28,22.6,48.66,0,0,0,1,9,0,0
14-07-25 09:53,397.39,31.28,28.33,80.11,1,0,0,0,9,0,0
14-07-25 09:54,383.26,35.53,21.14,54.58,0,0,0,1,9,0,0
14-07-25 09:55,386.59,31.01,20.84,40.94,0,1,0,0,9,0,0
14-07-25 09:56,386.77,31.74,26.8,43.98,0,1,0,0,9,0,0
14-07-25 09:57,402.75,31.74,25.72,31.04,0,0,0,1,9,0,0
14-07-25 09:58,390.53,29.43,24.43,90.9,0,0,1,0,9,0,0
14-07-25 09:59,376.03,30.05,24.89,79.49,1,0,0,0,9,0,0
14-07-25 10:00,402.01,33.95,28.18,22.09,0,0,0,1,10,0,0
14-07-25 10:01,403.24,33.57,24.23,98.82,1,0,0,0,10,0,0
14-07-25 10:02,402.67,32.92,28.25,60.64,0,0,0,1,10,0,0
14-07-25 10:03,400.25,32.73,25.44,28.16,0,1,0,0,10,0,0
14-07-25 10:04,385.97,29.12,30.41,54.35,1,0,0,0,10,0,0
14-07-25 10:05,406.57,30.85,24.12,47.23,0,0,1,0,10,0,0
14-07-25 10:06,393.25,31.32,24.65,61.69,0,0,1,0,10,0,0
14-07-25 10:07,400.47,32.54,23,92.82,0,1,0,0,10,0,0
14-07-25 10:08,406.79,32.3,24.27,72.45,1,0,0,0,10,0,0
14-07-25 10:09,405.21,32.83,18.67,58.35,0,1,0,0,10,0,0
14-07-25 10:10,407.83,34.64,26.55,33.43,1,0,0,0,10,0,0
14-07-25 10:11,414.25,30.18,27.91,84.16,0,0,0,1,10,0,0
14-07-25 10:12,402.5,35.12,25,74.91,0,0,0,1,10,0,0
14-07-25 10:13,412.88,33.27,24.57,36.31,0,0,1,0,10,0,0
14-07-25 10:14,405.87,30.2,29.29,99.78,0,1,0,0,10,0,0
14-07-25 10:15,418.04,30.91,22.25,95.9,0,1,0,0,10,0,0
14-07-25 10:16,412.22,27.91,29.83,32.16,0,1,0,0,10,0,0
14-07-25 10:17,400.32,31.21,28.58,52.03,0,0,0,1,10,0,0
14-07-25 10:18,409.89,31.32,25.63,50.32,0,0,1,0,10,0,0
14-07-25 10:19,421.55,33.14,25.36,22.64,1,0,0,0,10,0,0
14-07-25 10:20,392.61,32.19,21.69,57.29,0,0,0,1,10,0,0
14-07-25 10:21,399.57,30.52,23.96,91.4,0,0,0,1,10,0,0
14-07-25 10:22,390.91,34.66,18.14,45.45,0,1,0,0,10,0,0
14-07-25 10:23,402.65,33.07,25.51,32.21,1,0,0,0,10,0,0
14-07-25 10:24,420.64,33.4,27.65,31.23,0,0,0,1,10,0,0
14-07-25 10:25,399.23,31.49,26.33,36.96,0,1,0,0,10,0,0
14-07-25 10:26,388.15,35.7,23.97,57.19,0,1,0,0,10,0,0
14-07-25 10:27,408.97,31.61,23.07,29.43,0,0,0,1,10,0,0
14-07-25 10:28,402.52,31.72,22.86,97.76,1,0,0,0,10,0,0
14-07-25 10:29,385.59,32.73,27.46,84.74,0,0,0,1,10,0,0
14-07-25 10:30,386.83,30.28,22.31,80.21,0,1,0,0,10,0,0
14-07-25 10:31,428.65,33.21,31.45,92,0,0,1,0,10,0,0
14-07-25 10:32,408.26,32.75,26,32.76,0,1,0,0,10,0,0
14-07-25 10:33,394.48,31.89,25.21,74.72,0,0,0,1,10,0,0
14-07-25 10:34,393.29,31.33,23.92,20.52,1,0,0,0,10,0,0
14-07-25 10:35,389.94,31.78,24.6,22.53,1,0,0,0,10,0,0
14-07-25 10:36,377.6,33.6,24.14,38.14,0,1,0,0,10,0,0
14-07-25 10:37,405.05,31.95,26.03,92.92,1,0,0,0,10,0,0
14-07-25 10:38,394.37,30.73,26.58,47.25,1,0,0,0,10,0,0
14-07-25 10:39,404.54,29.38,27.29,79.02,1,0,0,0,10,0,0
14-07-25 10:40,401.66,31.79,21.33,31.28,0,0,0,1,10,0,0
14-07-25 10:41,378.85,32.7,25.98,75.82,1,0,0,0,10,0,0
14-07-25 10:42,389.52,31.17,22.06,65.44,0,0,0,1,10,0,0
14-07-25 10:43,397.95,32.38,24.73,43.41,0,0,1,0,10,0,0
14-07-25 10:44,408.07,27.96,25.24,63.96,0,1,0,0,10,0,0
14-07-25 10:45,395.68,36.1,24.28,82.24,0,1,0,0,10,0,0
14-07-25 10:46,393.02,29.92,28.58,58.34,1,0,0,0,10,0,0
14-07-25 10:47,387.59,29.05,23.53,76.61,0,0,1,0,10,0,0
14-07-25 10:48,410.69,33.97,30.75,83.4,0,0,1,0,10,0,0
14-07-25 10:49,386.77,31.99,22.77,28.28,0,0,0,1,10,0,0
14-07-25 10:50,401.51,29.44,24.93,67.11,0,0,0,1,10,0,0
14-07-25 10:51,414.52,30.39,25.36,78.67,1,0,0,0,10,0,0
14-07-25 10:52,392.92,31.28,28.62,63.47,0,0,1,0,10,0,0
14-07-25 10:53,393.93,30.25,19.64,40.03,0,0,0,1,10,0,0
14-07-25 10:54,414.33,33.39,28.58,25.5,1,0,0,0,10,0,0
14-07-25 10:55,409.61,31.7,26.31,67.79,0,1,0,0,10,0,0
14-07-25 10:56,408.34,33.74,28.25,25.98,0,0,0,1,10,0,0
14-07-25 10:57,401.19,32.04,26.94,79.2,1,0,0,0,10,0,0
14-07-25 10:58,393.86,31.19,31.84,70.38,0,0,0,1,10,0,0
14-07-25 10:59,395.72,29.72,24.9,62.63,0,0,1,0,10,0,0
14-07-25 11:00,392.03,33.62,19.24,98.52,1,0,0,0,11,0,0
14-07-25 11:01,401.12,32.27,27.47,52.85,0,1,0,0,11,0,0
14-07-25 11:02,384.34,34.71,26.26,25.39,0,0,1,0,11,0,0
14-07-25 11:03,396.61,34.91,28.03,33.9,1,0,0,0,11,0,0
14-07-25 11:04,384.77,33.32,20.85,96.08,0,1,0,0,11,0,0
14-07-25 11:05,399.15,29.35,22.96,77.78,0,0,1,0,11,0,0
14-07-25 11:06,401.32,30.2,28.21,39.43,0,1,0,0,11,0,0
14-07-25 11:07,390.37,28.88,29.49,71.46,1,0,0,0,11,0,0
14-07-25 11:08,392.6,30.9,24.08,59.57,1,0,0,0,11,0,0
14-07-25 11:09,392.47,31.15,24.78,77.1,0,1,0,0,11,0,0
14-07-25 11:10,409.73,31.6,26.48,39.87,0,0,0,1,11,0,0
14-07-25 11:11,390.95,32.38,27.84,29.23,1,0,0,0,11,0,0
14-07-25 11:12,388.54,31.8,23.72,48,1,0,0,0,11,0,0
14-07-25 11:13,405.16,35.68,19.71,77.59,0,0,0,1,11,0,0
14-07-25 11:14,389.8,32.16,22.91,33.9,0,0,0,1,11,0,0
14-07-25 11:15,397.44,31.85,20.54,66.53,0,0,1,0,11,0,0
14-07-25 11:16,398.51,35.03,26.57,89.17,0,0,1,0,11,0,0
14-07-25 11:17,409.83,30.88,22.21,92.71,0,1,0,0,11,0,0
14-07-25 11:18,390.32,30.26,26.57,65.2,0,0,1,0,11,0,0
14-07-25 11:19,396.96,31.6,26.99,73.01,0,0,0,1,11,0,0
14-07-25 11:20,394.98,28.65,24.17,27.76,1,0,0,0,11,0,0
14-07-25 11:21,403.09,33.23,23.11,52.22,0,1,0,0,11,0,0
14-07-25 11:22,409.41,28.23,20.84,80.75,1,0,0,0,11,0,0
14-07-25 11:23,412.74,32.79,22.86,56.46,0,0,0,1,11,0,0
14-07-25 11:24,400.87,32.1,29.23,24.35,0,0,1,0,11,0,0
14-07-25 11:25,401.14,33.14,25.14,85.06,0,1,0,0,11,0,0
14-07-25 11:26,385.12,30.55,24.05,53.39,0,1,0,0,11,0,0
14-07-25 11:27,397.43,34.95,20.75,21.24,0,0,0,1,11,0,0
14-07-25 11:28,400.7,31.35,31.46,49.15,0,1,0,0,11,0,0
14-07-25 11:29,401.41,31.16,23.78,38.12,1,0,0,0,11,0,0
14-07-25 11:30,419.28,35.53,21.68,75.8,0,0,1,0,11,0,0
14-07-25 11:31,407.56,29.46,25.49,25.99,0,0,0,1,11,0,0
14-07-25 11:32,400.5,32.65,30.76,90.08,0,0,0,1,11,0,0
14-07-25 11:33,382.69,30.18,23.94,23.23,0,0,1,0,11,0,0
14-07-25 11:34,394.53,28.52,17.27,80.2,0,1,0,0,11,0,0
14-07-25 11:35,396.93,30.66,25.02,69.82,0,0,1,0,11,0,0
14-07-25 11:36,413.54,33.59,22.53,98.28,0,1,0,0,11,0,0
14-07-25 11:37,396.8,29.48,25.2,38.74,0,1,0,0,11,0,0
14-07-25 11:38,412.45,32.91,29.3,62.47,0,0,0,1,11,0,0
14-07-25 11:39,395.88,29.92,25.23,31.92,0,0,1,0,11,0,0
14-07-25 11:40,408.04,30.77,26.52,56.26,0,1,0,0,11,0,0
14-07-25 11:41,394.5,29.5,29.16,97.39,0,0,0,1,11,0,0
14-07-25 11:42,418.47,30.25,25.23,57.41,0,0,1,0,11,0,0
14-07-25 11:43,419.02,30.09,25.77,40.31,0,0,0,1,11,0,0
14-07-25 11:44,404.58,36.12,20,26.49,0,0,0,1,11,0,0
14-07-25 11:45,413.96,31.12,27.94,44.98,0,1,0,0,11,0,0
14-07-25 11:46,393.24,31.2,29.09,57.1,0,1,0,0,11,0,0
14-07-25 11:47,387.34,34.15,24.88,40.87,1,0,0,0,11,0,0
14-07-25 11:48,377.84,34.51,22.94,20.42,0,1,0,0,11,0,0
14-07-25 11:49,392.88,27.91,27.54,74.89,1,0,0,0,11,0,0
14-07-25 11:50,393.69,32.9,26.94,93.73,0,0,0,1,11,0,0
14-07-25 11:51,393.56,33.77,20.3,80.97,0,0,0,1,11,0,0
14-07-25 11:52,397.1,31.86,27.85,31.5,0,0,1,0,11,0,0
14-07-25 11:53,408.28,30.83,27.04,65.01,0,0,0,1,11,0,0
14-07-25 11:54,394.49,30.96,27.41,36.01,0,0,1,0,11,0,0
14-07-25 11:55,385.56,32.75,26.1,28.51,0,0,1,0,11,0,0
14-07-25 11:56,411.14,28.49,21.47,86.2,0,0,0,1,11,0,0
14-07-25 11:57,396.82,31.51,26.21,29.72,0,1,0,0,11,0,0
14-07-25 11:58,386.33,32.33,27.47,74.5,0,1,0,0,11,0,0
14-07-25 11:59,402.22,29.84,28.08,41.48,0,0,0,1,11,0,0
14-07-25 12:00,385,34.2,21.02,78.05,0,0,0,1,12,0,0
14-07-25 12:01,402.83,31.35,21.77,27.09,0,1,0,0,12,0,0
14-07-25 12:02,391.14,29.77,18.51,31.58,0,0,0,1,12,0,0
14-07-25 12:03,388.73,27.44,26.13,46.24,1,0,0,0,12,0,0
14-07-25 12:04,399.86,28.49,24.93,41.29,0,0,1,0,12,0,0
14-07-25 12:05,401.03,33.04,29.09,58.82,0,0,1,0,12,0,0
14-07-25 12:06,395.83,30.6,25.75,56.22,0,0,0,1,12,0,0
14-07-25 12:07,397.96,35.09,24.44,89.93,0,1,0,0,12,0,0
14-07-25 12:08,415.16,32.86,25.92,40.77,0,0,0,1,12,0,0
14-07-25 12:09,389.33,33.57,20.91,69.7,1,0,0,0,12,0,0
14-07-25 12:10,413.29,30.61,25.73,50.42,0,0,0,1,12,0,0
14-07-25 12:11,388.63,34.21,20.46,54.27,1,0,0,0,12,0,0
14-07-25 12:12,410.18,33.64,23.99,77.76,0,1,0,0,12,0,0
14-07-25 12:13,401.02,31.68,22.89,59.57,0,0,0,1,12,0,0
14-07-25 12:14,407.97,31.71,25.64,62.92,1,0,0,0,12,0,0
14-07-25 12:15,400.91,31.91,23.15,29.51,1,0,0,0,12,0,0
14-07-25 12:16,401.22,31.52,23.27,47.61,0,1,0,0,12,0,0
14-07-25 12:17,386.34,31.15,22.65,89.52,0,0,1,0,12,0,0
14-07-25 12:18,417.39,30.26,25.51,34.57,0,1,0,0,12,0,0
14-07-25 12:19,409.21,32.36,27.75,98.64,1,0,0,0,12,0,0
14-07-25 12:20,409.28,33.05,26.1,74.96,0,0,1,0,12,0,0
14-07-25 12:21,387.05,29.52,23.6,32.03,0,1,0,0,12,0,0
14-07-25 12:22,398.82,32.76,25.28,75.74,0,1,0,0,12,0,0
14-07-25 12:23,399.61,28.68,20.06,40.06,1,0,0,0,12,0,0
14-07-25 12:24,400.14,33.3,27.4,41.89,0,0,0,1,12,0,0
14-07-25 12:25,391.78,32.77,22.87,86.6,1,0,0,0,12,0,0
14-07-25 12:26,399.93,32.68,20.97,42.67,1,0,0,0,12,0,0
14-07-25 12:27,380.81,31.77,21.26,83.17,0,0,0,1,12,0,0
14-07-25 12:28,391.22,30.87,30.6,61.48,1,0,0,0,12,0,0
14-07-25 12:29,412.75,28.88,21.55,89.96,0,0,1,0,12,0,0
14-07-25 12:30,385.57,31.43,18.32,60.98,0,0,0,1,12,0,0
14-07-25 12:31,403.82,32.04,20.75,90.5,0,0,1,0,12,0,0
14-07-25 12:32,377.96,30.75,25.12,57.28,0,0,0,1,12,0,0
14-07-25 12:33,406,31.47,19.94,65.34,0,0,0,1,12,0,0
14-07-25 12:34,388.61,30.47,23.97,97.34,1,0,0,0,12,0,0
14-07-25 12:35,403.52,32,27.37,95.59,0,0,1,0,12,0,0
14-07-25 12:36,388.11,29.94,24.54,66.78,0,0,0,1,12,0,0
14-07-25 12:37,417.78,32.37,21.26,86.57,0,0,1,0,12,0,0
14-07-25 12:38,378.37,31.2,27.4,84.44,0,0,0,1,12,0,0
14-07-25 12:39,402.42,33.19,24.66,43.47,0,1,0,0,12,0,0
14-07-25 12:40,394,30.11,25.21,28.05,0,0,1,0,12,0,0
14-07-25 12:41,370.53,31.81,22.51,60.5,1,0,0,0,12,0,0
14-07-25 12:42,390.33,33.24,26.34,45.83,0,0,1,0,12,0,0
14-07-25 12:43,390.63,32.64,24.44,57.65,0,1,0,0,12,0,0
14-07-25 12:44,399.47,28.62,24.45,24.92,0,1,0,0,12,0,0
14-07-25 12:45,388.58,30.85,25.77,35.33,1,0,0,0,12,0,0
14-07-25 12:46,376.35,30.98,28.04,56.99,1,0,0,0,12,0,0
14-07-25 12:47,407.48,32.31,24.6,93.17,0,0,0,1,12,0,0
14-07-25 12:48,397.57,31.54,26.82,92.88,0,0,0,1,12,0,0
14-07-25 12:49,400.9,28.74,26.32,77.39,0,1,0,0,12,0,0
14-07-25 12:50,401.83,30.83,24.54,29.19,0,0,1,0,12,0,0
14-07-25 12:51,409.87,29.64,26.89,29.45,1,0,0,0,12,0,0
14-07-25 12:52,399.55,28.17,24.23,98.82,1,0,0,0,12,0,0
14-07-25 12:53,398.5,31.65,27.37,41.99,1,0,0,0,12,0,0
14-07-25 12:54,397.81,32.72,20.91,59.14,0,0,1,0,12,0,0
14-07-25 12:55,403.42,29.23,23.37,67.01,0,0,0,1,12,0,0
14-07-25 12:56,399.31,30.74,22.09,48.55,0,0,1,0,12,0,0
14-07-25 12:57,391.09,34.66,25.09,53.21,1,0,0,0,12,0,0
14-07-25 12:58,419.21,33.59,19.86,22.94,1,0,0,0,12,0,0
14-07-25 12:59,404.21,30.81,26.13,69.04,1,0,0,0,12,0,0
14-07-25 13:00,405.51,33.61,24.28,27.05,0,0,0,1,13,0,0
14-07-25 13:01,397.83,32.8,27.35,79.16,1,0,0,0,13,0,0
14-07-25 13:02,399.2,34.93,17.81,35.2,1,0,0,0,13,0,0
14-07-25 13:03,391.4,32.71,24.79,59.54,0,0,1,0,13,0,0
14-07-25 13:04,415.05,32.04,22.16,24.98,0,0,0,1,13,0,0
14-07-25 13:05,389.29,31.65,21.03,34.85,0,0,1,0,13,0,0
14-07-25 13:06,406.49,32.82,27.69,28.99,0,0,0,1,13,0,0
14-07-25 13:07,405.62,33.37,20.88,32.21,0,0,1,0,13,0,0
14-07-25 13:08,390.59,30.02,21.33,97.43,1,0,0,0,13,0,0
14-07-25 13:09,384.77,33.51,28.9,21.2,0,1,0,0,13,0,0
14-07-25 13:10,390.81,30.13,25.23,40.21,1,0,0,0,13,0,0
14-07-25 13:11,411.18,33.76,22.36,42.02,0,1,0,0,13,0,0
14-07-25 13:12,409.5,35.49,24.15,73.01,1,0,0,0,13,0,0
14-07-25 13:13,421.23,36,29.63,83,0,0,0,1,13,0,0
14-07-25 13:14,393.11,27.96,22.93,55.85,0,0,0,1,13,0,0
14-07-25 13:15,405.82,34,25.7,83.37,0,0,1,0,13,0,0
14-07-25 13:16,416.15,29.7,22.78,37.22,0,0,1,0,13,0,0
14-07-25 13:17,424.77,30.99,25.34,81.43,0,0,0,1,13,0,0
14-07-25 13:18,381.77,33.18,26.28,37.57,1,0,0,0,13,0,0
14-07-25 13:19,396.11,30.46,27.91,74,0,1,0,0,13,0,0
14-07-25 13:20,387.66,36.09,24.55,62.94,0,0,0,1,13,0,0
14-07-25 13:21,405.87,32.04,22.28,43.33,0,0,0,1,13,0,0
14-07-25 13:22,398.96,30.95,26.7,85.42,1,0,0,0,13,0,0
14-07-25 13:23,395.1,31.61,27.3,73.98,0,1,0,0,13,0,0
14-07-25 13:24,387.78,32.74,27.2,91.57,0,1,0,0,13,0,0
14-07-25 13:25,402.46,34.06,25.26,81.99,0,1,0,0,13,0,0
14-07-25 13:26,388.32,32.91,21.26,33.5,0,1,0,0,13,0,0
14-07-25 13:27,396.66,32.22,30.75,56.66,0,0,0,1,13,0,0
14-07-25 13:28,406.25,33.99,24.35,48.07,1,0,0,0,13,0,0
14-07-25 13:29,383.4,34.29,20.61,80.51,0,0,0,1,13,0,0
14-07-25 13:30,400.2,32.69,21.44,40.61,0,0,1,0,13,0,0
14-07-25 13:31,394.67,31.43,24.77,31.71,1,0,0,0,13,0,0
14-07-25 13:32,411.48,32.36,26.46,47.94,0,0,1,0,13,0,0
14-07-25 13:33,410.55,32.11,20.21,29.93,1,0,0,0,13,0,0
14-07-25 13:34,392.05,32.12,19.73,72.87,0,0,1,0,13,0,0
14-07-25 13:35,406.88,31.05,22.96,25.5,1,0,0,0,13,0,0
14-07-25 13:36,392.45,31.41,21.45,65.33,0,1,0,0,13,0,0
14-07-25 13:37,411.74,31.53,23.06,87.72,0,0,1,0,13,0,0
14-07-25 13:38,399.86,36.98,26.67,83.87,1,0,0,0,13,0,0
14-07-25 13:39,390.17,32.12,28.04,23.75,0,0,1,0,13,0,0
14-07-25 13:40,407.1,36.76,22.12,54.37,0,0,1,0,13,0,0
14-07-25 13:41,388.96,30.16,27.44,40,0,0,1,0,13,0,0
14-07-25 13:42,379.92,33.21,25.84,66.26,0,1,0,0,13,0,0
14-07-25 13:43,402.42,36.74,28.37,81.65,0,1,0,0,13,0,0
14-07-25 13:44,409.84,28.25,27.69,78.91,0,0,0,1,13,0,0
14-07-25 13:45,401.96,31.4,25.19,61.28,0,1,0,0,13,0,0
14-07-25 13:46,406.21,32.08,25.58,59.73,0,0,0,1,13,0,0
14-07-25 13:47,391.21,31.92,22.86,75.17,1,0,0,0,13,0,0
14-07-25 13:48,392.91,32.73,21.38,49.93,1,0,0,0,13,0,0
14-07-25 13:49,399.05,30.8,27.19,54.88,0,0,1,0,13,0,0
14-07-25 13:50,386.07,34.13,21.78,98.93,0,0,1,0,13,0,0
14-07-25 13:51,400.69,31.79,22.18,41.95,0,0,1,0,13,0,0
14-07-25 13:52,402.89,31.49,25.47,50.45,0,0,0,1,13,0,0
14-07-25 13:53,400.67,31.79,25.84,34.55,0,0,1,0,13,0,0
14-07-25 13:54,406.06,30.19,25.53,72.66,1,0,0,0,13,0,0
14-07-25 13:55,397.85,37.19,26.85,75.36,0,1,0,0,13,0,0
14-07-25 13:56,397.01,29.54,21.34,75.37,0,1,0,0,13,0,0
14-07-25 13:57,408.18,33.51,24.8,84.72,0,0,1,0,13,0,0
14-07-25 13:58,395.66,30.14,27.38,69.25,0,1,0,0,13,0,0
14-07-25 13:59,389.65,35.02,21.33,22.54,0,0,0,1,13,0,0
14-07-25 14:00,397.58,34.59,26.27,68.34,0,0,1,0,14,0,0
14-07-25 14:01,387.63,31.68,20.09,77.19,0,0,0,1,14,0,0
14-07-25 14:02,392.14,28.64,22.93,72.4,0,0,0,1,14,0,0
14-07-25 14:03,411.87,30.26,29.76,92.61,0,0,1,0,14,0,0
14-07-25 14:04,394.28,31.56,27.5,30.79,0,0,0,1,14,0,0
14-07-25 14:05,422.49,33.19,23.07,92.19,0,0,1,0,14,0,0
14-07-25 14:06,407.16,31.55,19.91,68.38,1,0,0,0,14,0,0
14-07-25 14:07,399.97,28.82,21.88,86.92,0,0,0,1,14,0,0
14-07-25 14:08,399.92,31.76,25.73,51.24,1,0,0,0,14,0,0
14-07-25 14:09,405.88,34.58,27.5,20.91,0,0,1,0,14,0,0
14-07-25 14:10,409.05,32.16,22.58,74.74,0,0,0,1,14,0,0
14-07-25 14:11,390.27,34.81,27.72,31.69,0,1,0,0,14,0,0
14-07-25 14:12,399.15,32.72,25.39,23.95,0,1,0,0,14,0,0
14-07-25 14:13,398.54,26.52,32.93,99.35,0,1,0,0,14,0,0
14-07-25 14:14,404.63,33.55,23.51,71.12,0,1,0,0,14,0,0
14-07-25 14:15,404.46,30.24,28.42,72.98,0,0,0,1,14,0,0
14-07-25 14:16,393.72,31.57,27.82,91.9,0,0,1,0,14,0,0
14-07-25 14:17,400.05,31.28,25.09,28.22,0,1,0,0,14,0,0
14-07-25 14:18,390.37,31.38,30.41,86.21,0,0,1,0,14,0,0
14-07-25 14:19,401.88,30.06,23.72,69.65,0,0,1,0,14,0,0
14-07-25 14:20,401.02,33.43,23.1,42.8,0,0,1,0,14,0,0
14-07-25 14:21,397.74,28.89,21.95,57.63,0,0,0,1,14,0,0
14-07-25 14:22,394.08,31.79,23.77,93.06,0,0,0,1,14,0,0
14-07-25 14:23,384.6,30.77,26.15,42.08,0,0,1,0,14,0,0
14-07-25 14:24,394.15,30.42,23.16,33.54,0,0,0,1,14,0,0
14-07-25 14:25,391.47,30.7,27.67,65.35,0,1,0,0,14,0,0
14-07-25 14:26,402.92,32.01,23.12,69.33,1,0,0,0,14,0,0
14-07-25 14:27,386.22,33.34,24.15,60.48,0,1,0,0,14,0,0
14-07-25 14:28,395.78,31.98,18.95,23.22,0,0,0,1,14,0,0
14-07-25 14:29,403.05,33.01,33.47,94.93,0,0,0,1,14,0,0
14-07-25 14:30,411.74,36.91,21.89,77.95,1,0,0,0,14,0,0
14-07-25 14:31,409.33,31.42,27.57,79.03,0,0,0,1,14,0,0
14-07-25 14:32,402.45,32.56,23.88,71.79,1,0,0,0,14,0,0
14-07-25 14:33,388.15,31.91,25.12,68.19,0,1,0,0,14,0,0
14-07-25 14:34,400.23,32.7,23.31,22.47,0,0,1,0,14,0,0
14-07-25 14:35,394.16,31.98,23.78,60.89,0,0,1,0,14,0,0
14-07-25 14:36,414.26,34.67,26.38,56.53,0,0,1,0,14,0,0
14-07-25 14:37,403.6,32.97,27.29,68.44,0,0,0,1,14,0,0
14-07-25 14:38,400.37,29.67,22.62,63.94,0,0,1,0,14,0,0
14-07-25 14:39,403.47,30.01,29.96,57.42,1,0,0,0,14,0,0
14-07-25 14:40,395.51,32.9,17.58,51.1,0,1,0,0,14,0,0
14-07-25 14:41,394.58,33.17,23.3,79.05,1,0,0,0,14,0,0
14-07-25 14:42,402.59,33.43,24.39,48.8,0,0,0,1,14,0,0
14-07-25 14:43,401.15,32.66,24.32,60.3,1,0,0,0,14,0,0
14-07-25 14:44,408.57,31.86,23.22,62.68,0,0,0,1,14,0,0
14-07-25 14:45,400.89,30.6,27.76,43.63,0,1,0,0,14,0,0
14-07-25 14:46,400.21,33.38,27.86,23.3,0,1,0,0,14,0,0
14-07-25 14:47,388,33.2,25.12,31.55,0,0,0,1,14,0,0
14-07-25 14:48,392.69,34.54,22.2,81.24,0,1,0,0,14,0,0
14-07-25 14:49,421.27,29.81,26.1,75.8,1,0,0,0,14,0,0
14-07-25 14:50,389.66,34.79,28.84,82.78,0,0,1,0,14,0,0
14-07-25 14:51,401.76,32.41,27.28,80.9,1,0,0,0,14,0,0
14-07-25 14:52,398.37,33.63,23.5,95.8,0,0,1,0,14,0,0
14-07-25 14:53,413.88,37.56,24.32,32.53,0,1,0,0,14,0,0
14-07-25 14:54,407.29,30.39,19.86,38.76,0,1,0,0,14,0,0
14-07-25 14:55,405.66,32.29,24.85,93.8,1,0,0,0,14,0,0
14-07-25 14:56,393.85,34.41,32.54,21.47,1,0,0,0,14,0,0
14-07-25 14:57,377.5,29.49,25.17,30.37,1,0,0,0,14,0,0
14-07-25 14:58,391.34,32.59,26.8,92.36,0,1,0,0,14,0,0
14-07-25 14:59,415.56,32.54,20,48.44,0,0,1,0,14,0,0
14-07-25 15:00,396.77,30.37,29.66,85.8,0,1,0,0,15,0,0
14-07-25 15:01,413.93,29.25,28.69,64.73,1,0,0,0,15,0,0
14-07-25 15:02,406.81,29.6,25.64,68.29,0,0,1,0,15,0,0
14-07-25 15:03,404.74,30.52,29.57,22.16,0,1,0,0,15,0,0
14-07-25 15:04,395.33,32.12,24.99,80.04,0,1,0,0,15,0,0
14-07-25 15:05,386.75,31.57,23.99,44.34,1,0,0,0,15,0,0
14-07-25 15:06,415.33,32.78,27.79,84.91,0,0,1,0,15,0,0
14-07-25 15:07,412.78,31.89,27.75,36.26,1,0,0,0,15,0,0
14-07-25 15:08,412.26,33.86,20.9,26.73,0,0,1,0,15,0,0
14-07-25 15:09,399.37,33.38,21.77,39.45,0,1,0,0,15,0,0
14-07-25 15:10,397.7,32.98,19.66,96.34,1,0,0,0,15,0,0
14-07-25 15:11,410.37,30.82,22.12,62.08,0,0,1,0,15,0,0
14-07-25 15:12,403.4,28.34,24.62,72.56,1,0,0,0,15,0,0
14-07-25 15:13,394.97,28.96,18.57,38.59,0,1,0,0,15,0,0
14-07-25 15:14,404.76,35.08,22.88,96.96,0,0,1,0,15,0,0
14-07-25 15:15,399.31,31.59,25.35,42.94,0,0,0,1,15,0,0
14-07-25 15:16,393.83,29.48,23.5,26.89,0,0,1,0,15,0,0
14-07-25 15:17,394.53,32.87,27.06,62.39,0,0,1,0,15,0,0
14-07-25 15:18,408.57,35.71,24.26,38.1,0,0,0,1,15,0,0
14-07-25 15:19,403.89,32.46,19.64,33.26,0,1,0,0,15,0,0
14-07-25 15:20,412,34.11,22.56,75.01,1,0,0,0,15,0,0
14-07-25 15:21,417.42,33.75,24.54,79.44,0,0,1,0,15,0,0
14-07-25 15:22,398.85,32.48,32.12,73.99,0,0,0,1,15,0,0
14-07-25 15:23,394.39,36.14,25.2,78.17,0,0,1,0,15,0,0
14-07-25 15:24,402.68,30.91,24.86,60.22,0,1,0,0,15,0,0
14-07-25 15:25,382.07,30.32,29.06,42.28,1,0,0,0,15,0,0
14-07-25 15:26,405.92,31.07,24.15,75.81,0,1,0,0,15,0,0
14-07-25 15:27,410.37,29.64,24.58,38.34,0,0,0,1,15,0,0
14-07-25 15:28,403.39,32.04,27.35,20.91,0,0,1,0,15,0,0
14-07-25 15:29,404.76,33.83,26.06,56.4,0,0,0,1,15,0,0
14-07-25 15:30,402.73,34.08,26.26,68.19,1,0,0,0,15,0,0
14-07-25 15:31,422.18,36.09,24.23,37.92,0,0,0,1,15,0,0
14-07-25 15:32,392.39,33.12,22.58,75.41,0,0,0,1,15,0,0
14-07-25 15:33,392,31.42,32.03,99.07,1,0,0,0,15,0,0
14-07-25 15:34,402.02,33.12,24.89,96.11,0,1,0,0,15,0,0
14-07-25 15:35,398.06,34.52,26.61,43.51,0,0,0,1,15,0,0
14-07-25 15:36,401.56,31.84,30.91,77.43,1,0,0,0,15,0,0
14-07-25 15:37,416.24,31.13,25.52,22.25,0,1,0,0,15,0,0
14-07-25 15:38,396.05,33.01,18.51,90.78,0,0,1,0,15,0,0
14-07-25 15:39,385.92,31.68,21.95,29.65,1,0,0,0,15,0,0
14-07-25 15:40,408.98,29.21,28.44,41.24,0,0,0,1,15,0,0
14-07-25 15:41,407.91,29.18,24.23,68.14,0,0,1,0,15,0,0
14-07-25 15:42,397.33,30.91,21.91,62.53,0,0,1,0,15,0,0
14-07-25 15:43,383.23,31.69,22.64,52.38,0,0,1,0,15,0,0
14-07-25 15:44,397.19,33.08,24.78,64.33,0,0,0,1,15,0,0
14-07-25 15:45,397.64,29.77,30.39,75.6,0,0,1,0,15,0,0
14-07-25 15:46,416.7,32.91,19.48,45.48,1,0,0,0,15,0,0
14-07-25 15:47,386.35,32.88,20.96,98.37,0,1,0,0,15,0,0
14-07-25 15:48,407.43,31.88,23.63,21.74,1,0,0,0,15,0,0
14-07-25 15:49,392.27,31.59,19.37,60.95,0,1,0,0,15,0,0
14-07-25 15:50,408.74,31.28,24.68,83.71,0,0,1,0,15,0,0
14-07-25 15:51,408.28,27.32,26.3,35.88,1,0,0,0,15,0,0
14-07-25 15:52,385.02,32.01,30.58,73.39,0,0,0,1,15,0,0
14-07-25 15:53,399.45,30.35,24.51,51.98,1,0,0,0,15,0,0
14-07-25 15:54,417.14,32.84,27.75,66.57,0,0,0,1,15,0,0
14-07-25 15:55,393.05,34.39,24.97,69.08,1,0,0,0,15,0,0
14-07-25 15:56,396.47,29.88,29.11,48.78,0,0,1,0,15,0,0
14-07-25 15:57,394.55,34.58,19.22,78.54,0,0,1,0,15,0,0
14-07-25 15:58,400.34,37.67,28.28,38.35,1,0,0,0,15,0,0
14-07-25 15:59,390.96,32.21,21.68,51.62,0,0,1,0,15,0,0
14-07-25 16:00,424.74,33.37,22.99,73.8,1,0,0,0,16,0,0
14-07-25 16:01,394.48,30.77,26.54,90.01,0,0,1,0,16,0,0
14-07-25 16:02,402.83,28.89,25.34,23.76,0,1,0,0,16,0,0
14-07-25 16:03,388.87,31.89,22.3,33.26,1,0,0,0,16,0,0
14-07-25 16:04,402.32,30.43,19.94,62.87,0,0,1,0,16,0,0
14-07-25 16:05,396.99,33.51,25.6,27.13,0,0,1,0,16,0,0
14-07-25 16:06,374.84,29.57,23.86,58.23,0,0,1,0,16,0,0
14-07-25 16:07,403.5,30.74,25.14,74,0,0,0,1,16,0,0
14-07-25 16:08,401.28,30.08,24.15,94.59,0,0,1,0,16,0,0
14-07-25 16:09,409.21,29.69,26.85,68.1,0,0,1,0,16,0,0
14-07-25 16:10,396.82,34.46,30.84,62.33,1,0,0,0,16,0,0
14-07-25 16:11,394.13,30.5,22.72,72.87,0,0,1,0,16,0,0
14-07-25 16:12,397.32,32.83,21.26,56.02,0,0,1,0,16,0,0
14-07-25 16:13,387.22,32.26,22.9,93.14,0,0,1,0,16,0,0
14-07-25 16:14,406.78,34.27,24.19,57.9,0,1,0,0,16,0,0
14-07-25 16:15,382.84,29.72,25.9,43.81,0,0,1,0,16,0,0
14-07-25 16:16,398.42,32.65,25.46,25.66,1,0,0,0,16,0,0
14-07-25 16:17,388.34,31.27,27.21,63.9,0,0,0,1,16,0,0
14-07-25 16:18,393.25,28.83,24.61,69.29,0,0,1,0,16,0,0
14-07-25 16:19,408.89,31.61,28.9,56.82,0,0,1,0,16,0,0
14-07-25 16:20,402.62,31.25,28.56,57.98,0,0,0,1,16,0,0
14-07-25 16:21,383.5,32.49,22.83,97.63,0,1,0,0,16,0,0
14-07-25 16:22,393.69,32.46,27.12,50.93,0,0,0,1,16,0,0
14-07-25 16:23,402.25,31.08,32.96,63.83,0,0,0,1,16,0,0
14-07-25 16:24,416.25,32.74,25.03,26.65,1,0,0,0,16,0,0
14-07-25 16:25,410.63,34.07,28,59.62,0,0,0,1,16,0,0
14-07-25 16:26,395.95,34.02,23.8,22.22,1,0,0,0,16,0,0
14-07-25 16:27,400.69,34.34,28.55,45.7,0,0,0,1,16,0,0
14-07-25 16:28,388.76,31.7,24.29,29.9,0,0,1,0,16,0,0
14-07-25 16:29,421.49,29.64,27.53,30.43,0,0,1,0,16,0,0
14-07-25 16:30,398.69,28.11,25.19,42.76,0,0,1,0,16,0,0
14-07-25 16:31,391.88,36.83,23.03,49.96,0,0,1,0,16,0,0
14-07-25 16:32,400.59,31.58,21.36,42.12,0,0,1,0,16,0,0
14-07-25 16:33,402.14,29.53,16.06,27.3,1,0,0,0,16,0,0
14-07-25 16:34,397.94,30.07,24,55.21,0,0,0,1,16,0,0
14-07-25 16:35,402.16,29.57,26.49,99.29,0,1,0,0,16,0,0
14-07-25 16:36,415.89,33.35,22.66,73.17,1,0,0,0,16,0,0
14-07-25 16:37,382.97,29.02,25.32,48.77,0,0,0,1,16,0,0
14-07-25 16:38,388.15,33.05,25.66,97.85,0,0,0,1,16,0,0
14-07-25 16:39,398.46,30.18,29.09,27.84,0,1,0,0,16,0,0
