timestamp,station_id,voltage,current,temperature,battery_state
2025-07-14 00:00:00,2,411.46010898999305,29.878719059120954,23.90987239111766,81.26385239166069
2025-07-14 00:01:00,3,384.3562779449406,29.823753870117706,27.383176549778412,44.93252313377737
2025-07-14 00:02:00,3,410.7239789122251,31.130132326456057,24.73514233172303,78.47991917972415
2025-07-14 00:03:00,2,397.37474468894294,32.20088387933644,24.724874122160653,39.27958977302125
2025-07-14 00:04:00,4,394.55137994900036,33.00224997023581,25.836311808676328,73.13655035727149
2025-07-14 00:05:00,1,400.6705014267988,29.964244416770697,26.1073239929614,72.08295422840098
2025-07-14 00:06:00,4,407.8221766678908,28.701983764372404,29.632045075538155,94.75619679186548
2025-07-14 00:07:00,3,392.4756250788866,31.611752421829905,23.617098178191505,24.298200763704436
2025-07-14 00:08:00,4,389.3603710440562,31.167134151558145,22.075584244645206,31.136990415403744
2025-07-14 00:09:00,4,393.3919933389776,31.77996975307332,26.59426755005362,22.795743584168413
2025-07-14 00:10:00,3,391.51408350014566,28.940177737078283,25.633641589797456,25.95175962521281
2025-07-14 00:11:00,4,409.3093843083039,31.227205481260377,25.555908309192144,63.40490360471455
2025-07-14 00:12:00,4,404.98030516598976,31.865206279059805,19.260156644716872,46.79842407637651
2025-07-14 00:13:00,3,405.9965444159667,29.4247394819651,23.223940294133723,26.105448018802342
2025-07-14 00:14:00,3,400.57013516684583,33.55709034136644,30.103610500239274,59.77227300770096
2025-07-14 00:15:00,4,394.1384999968895,28.92755689978773,20.717671946496203,62.37525904333026
2025-07-14 00:16:00,1,396.55306058084324,32.19812387998538,27.840067971186805,79.14880651761337
2025-07-14 00:17:00,1,415.7290240288831,31.982971762140803,27.03371500359064,36.91457673255641
2025-07-14 00:18:00,2,406.89985721507145,31.146138263575693,23.234851995437808,90.82471524101392
2025-07-14 00:19:00,2,406.3960318466807,32.548155769867215,21.63828519254208,20.576733602163273
2025-07-14 00:20:00,1,414.69865931126407,32.56841349702449,22.52954053474414,94.3634099695967
2025-07-14 00:21:00,1,384.84580145287805,35.27533468592554,27.79480862425116,46.09380586908863
2025-07-14 00:22:00,4,399.2778471155692,31.57307800593463,27.648564453754297,79.33609813271899
2025-07-14 00:23:00,2,405.6602666822702,33.10887152152584,19.5457637458648,82.00416796771815
2025-07-14 00:24:00,4,401.89708952171105,32.81194622994578,22.5443588088498,90.86216741338669
2025-07-14 00:25:00,4,404.23503996798723,32.4905988846596,22.477110406158168,24.146276115997523
2025-07-14 00:26:00,3,400.9243269195594,29.24185218820294,26.885215896482524,39.670515266163534
2025-07-14 00:27:00,3,406.90401280975243,33.58321599295438,30.07376338589554,69.5847404741545
2025-07-14 00:28:00,2,403.9272057767475,29.613260479100262,23.238300232465377,25.024538973034165
2025-07-14 00:29:00,3,399.4728236732049,33.96015354040883,26.5321681494127,22.756461324051482
2025-07-14 00:30:00,1,404.5003582580948,31.188928472936727,29.950136838675604,49.03446889159753
2025-07-14 00:31:00,2,409.34698236338585,33.733618403320364,26.257645102660224,66.49559566810125
2025-07-14 00:32:00,3,413.0856251071987,33.42707951934027,23.526091549901217,96.34411017917583
2025-07-14 00:33:00,1,400.78005293895495,32.82375401945425,26.295437466947142,51.35243284427521
2025-07-14 00:34:00,3,415.98013249846616,30.93902863904301,25.415824487900007,74.41329094091756
2025-07-14 00:35:00,1,393.9716978717782,27.406458105818473,27.248106415744136,25.41539117378333
2025-07-14 00:36:00,2,419.5555888107805,30.003173362873348,27.69124802941613,68.98779359334372
2025-07-14 00:37:00,4,392.93756996233674,30.60235618471849,24.35830970769982,90.98005905374164
2025-07-14 00:38:00,2,401.76016653168364,30.90837715688907,20.959456708762595,25.804770264406987
2025-07-14 00:39:00,1,408.6964398995986,28.74745213544987,22.48587220890942,23.24296965301577
2025-07-14 00:40:00,3,406.28637657943074,32.836029370686866,22.85916387931055,83.36307551904183
2025-07-14 00:41:00,3,401.18333916710225,32.03972781587506,26.039570409076802,82.38720068932128
2025-07-14 00:42:00,1,413.07938979551864,31.80629577834573,23.806251266645237,50.07791147687626
2025-07-14 00:43:00,4,414.01540173167245,31.284582942801574,26.573329744963093,55.93001855725713
2025-07-14 00:44:00,2,409.09477773833595,32.24722583855239,27.142542862497006,96.31363308383061
2025-07-14 00:45:00,2,398.68402515265115,29.987037387578912,27.334992662849906,73.37922500780968
2025-07-14 00:46:00,2,408.82667321304046,31.73312696317671,20.997908516208554,67.97500563521875
2025-07-14 00:47:00,2,405.57115170570233,36.574045310643044,23.776372001510417,21.744155872733373
2025-07-14 00:48:00,1,394.6798792924926,32.191391137512554,22.391157244592574,24.350017817434654
2025-07-14 00:49:00,3,395.0026782779143,29.433127937390573,24.520991522620182,43.306044791950555
2025-07-14 00:50:00,1,402.6290123810432,29.12237479242141,21.89949271288676,76.56494586458705
2025-07-14 00:51:00,2,411.54544452705926,31.64326012051331,26.00915200952681,23.0535754894518
2025-07-14 00:52:00,2,411.05008989893616,32.65858445630405,24.480799116685226,54.54327539787514
2025-07-14 00:53:00,2,387.81156948981334,32.12689858436125,24.01633417656352,84.30858588167564
2025-07-14 00:54:00,4,401.34869012485734,28.01041858554393,27.66240289651237,72.58573641687335
2025-07-14 00:55:00,1,392.43508543167945,35.177800671492136,21.27934644266038,35.8710474139305
2025-07-14 00:56:00,3,404.58514073985276,34.73351411513475,23.608513692762408,85.20106352553043
2025-07-14 00:57:00,3,386.41537713201313,29.28875518370622,27.01133780045273,31.73419419646529
2025-07-14 00:58:00,2,389.55569464161414,31.424980958806565,26.414450317286867,91.5805510174709
2025-07-14 00:59:00,4,393.074715149528,33.18708808479141,23.085251462970895,98.51800804498173
2025-07-14 01:00:00,3,399.1151872078003,32.57585788122466,19.729837458417055,82.66752584970864
2025-07-14 01:01:00,2,397.0462281277721,30.754995176205718,22.36706709734772,20.627133572509546
2025-07-14 01:02:00,4,387.43675457445386,33.734086224263706,21.80943843931167,48.725117283079214
2025-07-14 01:03:00,2,393.0876039505879,34.873319758079596,26.155273435601387,67.76817316019574
2025-07-14 01:04:00,2,390.95020152220195,29.3099309956939,19.002085593255448,20.31456638332586
2025-07-14 01:05:00,2,381.80615626928653,33.08244143617762,28.90697329484686,69.80241293319119
2025-07-14 01:06:00,2,391.78026937266105,31.715699529510992,29.873385744836916,34.314788074980314
2025-07-14 01:07:00,3,394.2707667924444,34.60518244955963,23.964250791135477,82.77451465094089
2025-07-14 01:08:00,1,393.55244073169683,36.097082682210086,27.657706943237134,72.31536126654936
2025-07-14 01:09:00,2,392.37326137381456,32.797307188584135,27.78015759103599,56.8383734450765
2025-07-14 01:10:00,4,395.96917649891054,28.785355035587358,21.53582655642471,84.34054203416773
2025-07-14 01:11:00,3,380.2074660524328,31.818618949569995,24.761302906661086,29.18191491881882
2025-07-14 01:12:00,2,392.19517481416756,30.80771709049898,23.820899970274198,91.38692235282721
2025-07-14 01:13:00,2,404.71668586608007,35.021322259130166,30.68014229468819,66.79415335948633
2025-07-14 01:14:00,4,411.8282495803144,30.802576631821307,23.01710929063543,57.305162652705015
2025-07-14 01:15:00,2,400.1977374297101,31.92636719212338,24.166037136692175,51.772492531363824
2025-07-14 01:16:00,3,396.37179080525084,29.813040346511205,25.7052963003172,96.97774194862723
2025-07-14 01:17:00,1,414.57412980988886,30.413466313329508,25.756703912890778,53.120446360293684
2025-07-14 01:18:00,2,405.6341486330247,34.59311208842466,20.48719127870001,36.5553498208303
2025-07-14 01:19:00,1,394.82551330112545,35.32354987495021,26.71946328044372,43.21370357105752
2025-07-14 01:20:00,4,398.0333438500571,33.92977822502276,17.479554345222653,55.16901917221546
2025-07-14 01:21:00,4,396.60621864779455,30.80417925541271,24.428422285811973,47.79482103770981
2025-07-14 01:22:00,4,407.29815811830474,33.384033600938835,21.59460464864975,51.49071453460068
2025-07-14 01:23:00,4,400.66088059459037,32.82197379179978,25.586485939007808,35.411368631271415
2025-07-14 01:24:00,1,409.2467580262863,35.12353832215691,22.785600691910922,71.76767008123736
2025-07-14 01:25:00,1,395.83874398148686,32.207986767152775,28.112538573421347,76.56192484631728
2025-07-14 01:26:00,2,378.7494420600332,31.640927757127365,27.715796756692015,57.363464757715725
2025-07-14 01:27:00,4,392.1011699608335,33.85683879052167,30.44056511609337,73.25227910793606
2025-07-14 01:28:00,1,390.65294553733315,29.987323626326024,21.216031000859125,21.338570360966173
2025-07-14 01:29:00,4,397.698964979832,31.34064115216285,20.019959449300785,54.060805598385244
2025-07-14 01:30:00,4,397.04181190490243,35.13873843995802,20.616405570782984,27.9926626683155
2025-07-14 01:31:00,1,396.1444208645586,31.37853196731859,21.86443921164569,36.968348225458726
2025-07-14 01:32:00,3,413.39526068764485,30.11099856355325,26.163360007352804,39.95519308771728
2025-07-14 01:33:00,4,404.7273175775737,31.262574500054747,25.349031574969597,90.32593147804512
2025-07-14 01:34:00,4,395.96401306540093,28.87118515610566,20.768338153436503,35.111994414495285
2025-07-14 01:35:00,2,414.2373149942399,29.6891243264937,25.895868329485822,20.84338948876244
2025-07-14 01:36:00,3,402.49584735474343,29.83498941128646,29.74973797827063,60.4685939564411
2025-07-14 01:37:00,1,413.73823791082333,31.006991836167654,27.49083590148656,74.45991718419405
2025-07-14 01:38:00,1,415.621027956806,31.31528276621319,25.555324012942275,90.88195596610277
2025-07-14 01:39:00,1,384.9693549602177,29.437140854859436,18.51695389895056,81.13731204809409
2025-07-14 01:40:00,1,400.20362982221997,32.8145809476802,23.965379467183162,28.023079585466224
2025-07-14 01:41:00,3,409.1522173898345,33.43053236073496,22.407476831597624,25.931929415452373
2025-07-14 01:42:00,2,397.4611739873368,36.56958340301478,26.11702775568822,86.75396759433612
2025-07-14 01:43:00,1,408.87572032066055,29.908349347667386,22.07158069081776,34.03436154793158
2025-07-14 01:44:00,4,409.3870671498631,33.93027994931709,21.114127456598453,45.00626657990053
2025-07-14 01:45:00,3,408.8894435078522,34.06150060898319,25.06831065901404,21.449212812472798
2025-07-14 01:46:00,4,400.85432808633533,33.383469293548245,24.553397081246413,58.17470920138217
2025-07-14 01:47:00,2,402.64047089049893,31.357874833795872,22.80125274351305,58.381922776508894
2025-07-14 01:48:00,4,411.9678331962054,32.90261919283513,25.48333412771287,76.36933526188179
2025-07-14 01:49:00,2,394.33876718336677,34.08027956755685,27.201989282631956,50.880395971081484
2025-07-14 01:50:00,4,391.0086234488377,32.10200644424795,21.944289287427235,36.30542894360395
2025-07-14 01:51:00,1,405.9013702014567,30.29193030018119,27.56783029236484,28.959131835657104
2025-07-14 01:52:00,4,402.9605490183483,31.423837376786892,26.621972174247794,97.97207756052057
2025-07-14 01:53:00,3,398.3737066486865,32.248755113649445,25.521911474299227,42.30402880436649
2025-07-14 01:54:00,2,392.32650577023463,31.236990830255987,20.42086815902403,79.71036415904398
2025-07-14 01:55:00,2,404.856285299911,29.6559311457823,23.639295861114164,83.1846035828278
2025-07-14 01:56:00,1,401.10408785135087,33.28888207269828,27.347701672768128,64.72841746856238
2025-07-14 01:57:00,1,417.7359234948108,31.30036577726446,29.22421697475001,52.09909078881181
2025-07-14 01:58:00,4,396.48401554872714,32.142157557112974,27.737082629419774,30.021481843909285
2025-07-14 01:59:00,2,385.87849035460977,32.11118421301943,28.354829273519705,75.33900778856952
2025-07-14 02:00:00,1,389.73828519980754,36.50269631601424,22.723646454546532,79.3194638618693
2025-07-14 02:01:00,1,389.5720997599622,28.403855672704513,19.370010225477884,66.33056196958485
2025-07-14 02:02:00,2,412.5371975091485,31.854959608215175,19.21160119668143,24.10885031754671
2025-07-14 02:03:00,3,412.1669533934823,31.395919482323286,20.750746661114878,70.23559925554825
2025-07-14 02:04:00,3,415.5249788928012,34.30801588701889,23.521470152521733,58.477633712674226
2025-07-14 02:05:00,4,392.24590564932384,37.15586857399908,23.38985932204315,41.97803808168355
2025-07-14 02:06:00,4,401.25749026029587,36.11703585415154,31.84852641911384,26.538835595476176
2025-07-14 02:07:00,1,398.10476002142946,28.160427314982886,21.59116772683251,34.33690223785949
2025-07-14 02:08:00,4,411.6161426882672,32.485829568109104,24.739031967581244,71.50743419340387
2025-07-14 02:09:00,3,389.7599591994229,30.23761940150566,29.267924553205205,91.7587545613437
2025-07-14 02:10:00,4,396.9760617903991,31.55449405274017,31.356234148804724,30.23906190312956
2025-07-14 02:11:00,4,397.75838981131574,31.201912209003538,22.605213945933357,94.60941988852271
2025-07-14 02:12:00,3,404.7591317801899,31.40813414453383,28.684432450619255,80.09970954632155
2025-07-14 02:13:00,4,381.9601625654288,32.699430810408565,27.39507928316911,41.02581565762981
2025-07-14 02:14:00,4,406.4012605446212,34.3166617941737,26.067565080537815,62.101968354844026
2025-07-14 02:15:00,3,399.3125412375311,31.01173294026397,21.947964691684998,25.5806737846805
2025-07-14 02:16:00,3,395.6046538388672,31.999213715474394,26.05737499686174,52.346950453104064
2025-07-14 02:17:00,2,422.92810666586934,27.62846329444651,25.78209913844191,44.26472555286981
2025-07-14 02:18:00,3,404.3544678817696,30.22164095703458,28.72009449957889,41.20317721769765
2025-07-14 02:19:00,4,397.75951616186734,33.81755069041043,30.526482744341816,50.850517006907396
2025-07-14 02:20:00,4,384.97336669976494,29.809194643980838,23.848312869242537,49.8493121697711
2025-07-14 02:21:00,1,387.7214415313763,31.920982791496762,26.496585053752458,66.21768060241536
2025-07-14 02:22:00,2,396.32030004822775,31.877714060302008,24.009575467909723,49.80265573097404
2025-07-14 02:23:00,1,398.84917063952463,32.32697205771077,21.305102548807092,68.89325954132539
2025-07-14 02:24:00,3,404.19927315459034,28.180039207923205,26.933214190784437,62.74357454925324
2025-07-14 02:25:00,3,401.1916951674019,33.847487272480215,23.190861676388046,82.9053004083815
2025-07-14 02:26:00,1,396.7476654523188,32.271696194499064,20.739453280631384,79.05347087653837
2025-07-14 02:27:00,4,398.64941003218945,31.98975391240857,23.51433122455641,26.406904310383812
2025-07-14 02:28:00,3,411.89825941599844,31.730737638899505,24.51136375439188,69.16375259629106
2025-07-14 02:29:00,3,407.3253279945482,32.19865445597281,25.030454063614396,41.86310922729503
2025-07-14 02:30:00,4,389.3377623233202,32.929618795765414,23.06822116064246,52.51166368021834
2025-07-14 02:31:00,1,406.5497460702831,31.276160223759284,21.972267372333718,91.75073823598251
2025-07-14 02:32:00,2,402.19970576266485,34.27465089459584,23.901120970313464,31.336830875119013
2025-07-14 02:33:00,2,399.7245435602876,33.60081676179787,27.295230231619257,56.59935108797949
2025-07-14 02:34:00,4,394.05554469632176,31.456256268929405,28.513960437721572,55.198435239557504
2025-07-14 02:35:00,1,408.1876563345625,29.950230717305992,27.494547349693573,54.27333127291228
2025-07-14 02:36:00,1,402.71219652008796,32.992925028893254,22.807720114675103,57.111998442436665
2025-07-14 02:37:00,3,400.08383653648065,32.34286606658039,29.70834452156115,43.82035428523858
2025-07-14 02:38:00,1,380.74930326451073,30.44492840867027,26.24792712995376,93.065002165611
2025-07-14 02:39:00,2,399.2225008993431,35.984766815567674,22.304323056884012,55.103132059405056
2025-07-14 02:40:00,4,401.0318775099565,31.401864620824618,22.78443759360662,86.25668687459103
2025-07-14 02:41:00,2,406.55094193741496,33.591460414980396,27.276368065908095,70.39600534306302
2025-07-14 02:42:00,2,387.772604112207,33.74984454659367,26.271100557658354,89.9613422482298
2025-07-14 02:43:00,4,400.3859024113455,29.413508509524828,25.88655516173518,74.0923675402171
2025-07-14 02:44:00,1,400.50985414598244,32.21387216188705,25.458176928243205,54.90027579713899
2025-07-14 02:45:00,1,393.5110890459022,31.38452065705311,29.0618479743299,23.75565987447561
2025-07-14 02:46:00,1,387.39104774703503,29.604988484423362,26.959898736528523,47.45282193633618
2025-07-14 02:47:00,1,405.58912353161475,33.20333790923494,26.08473940350965,38.479316259396526
2025-07-14 02:48:00,4,395.3689362799217,30.661353206202996,29.708639248653824,94.99607444895142
2025-07-14 02:49:00,4,377.02448770526036,30.269595727498462,28.43507983940442,84.25781992676593
2025-07-14 02:50:00,4,398.5651231155237,30.142140939229964,22.768350547585545,84.72305923048911
2025-07-14 02:51:00,1,409.0224407745941,31.969743333636774,29.508822410418745,43.30816266856836
2025-07-14 02:52:00,4,396.64762675093345,36.32762529135638,22.894471606078024,86.89229179208043
2025-07-14 02:53:00,1,411.0078524343543,27.413238006571717,21.47126150087957,81.16146294841042
2025-07-14 02:54:00,1,403.7176396923654,31.516941758621737,22.10689124726629,38.79226954488509
2025-07-14 02:55:00,2,410.9952425394621,34.30888299233876,25.474426302480488,80.4148685635351
2025-07-14 02:56:00,3,389.95538839173116,29.403214267528764,27.40575534054894,94.1899342095721
2025-07-14 02:57:00,2,393.93447232520856,30.560626511837267,23.523220447385278,57.60856121825534
2025-07-14 02:58:00,2,408.7667409467896,32.98838051689725,26.367373903946163,71.72343393128484
2025-07-14 02:59:00,3,396.75681909374134,35.68866015409404,28.07695305481815,98.78226585155535
2025-07-14 03:00:00,3,393.14977766675275,30.30445847076157,29.80922299612427,51.68401238139651
2025-07-14 03:01:00,1,412.1259740494091,29.715149041822997,26.067814231459877,71.35564456946354
2025-07-14 03:02:00,4,376.5436744146178,33.289589064364364,24.341848277268888,58.139469753210705
2025-07-14 03:03:00,3,410.0661690319058,32.90899100069464,25.5950899810717,54.345895690062946
2025-07-14 03:04:00,4,411.3300754189439,32.57907427759245,22.678717018864884,85.94657628068401
2025-07-14 03:05:00,3,400.76696595033474,31.811299455126687,26.06478271946132,88.03584290757891
2025-07-14 03:06:00,4,401.3926534803701,32.49847625129192,23.74165133904623,44.88944927478564
2025-07-14 03:07:00,3,413.4952378758994,34.57920214422598,26.95977776924192,80.58498750696742
2025-07-14 03:08:00,1,398.86084926119935,33.02327331879447,23.131514296302928,26.133571164574036
2025-07-14 03:09:00,1,410.2292848112864,31.785283123689364,23.864630282453383,56.875805860190376
2025-07-14 03:10:00,4,393.1295180675396,30.872773414017516,29.435123832276687,44.37313751525774
2025-07-14 03:11:00,3,398.59458760686204,34.27149772886281,22.3148980576169,66.50193409045882
2025-07-14 03:12:00,2,400.40190877510594,35.2481830244618,24.11404463175358,43.41055833961462
2025-07-14 03:13:00,2,386.56295991678263,33.66157774417573,27.92583922389975,24.544020348599823
2025-07-14 03:14:00,2,416.60297529154684,30.54044262007303,25.241200659669765,24.001901741745584
2025-07-14 03:15:00,4,405.07568426174004,30.761079658762156,22.535065958681816,69.51030196664286
2025-07-14 03:16:00,1,403.19804417430146,32.36461690231138,25.792429847948096,83.55107431987344
2025-07-14 03:17:00,2,401.8013493627311,35.44037421146049,24.37467736027868,56.38708611291244
2025-07-14 03:18:00,3,404.5972548856067,35.591993595560275,23.356342179804,33.28798719744471
2025-07-14 03:19:00,3,405.4589534550109,32.08716132107296,25.891698096694554,64.29784281186049
2025-07-14 03:20:00,1,386.6560974553081,33.34055888966712,27.24564075362835,47.095727161280074
2025-07-14 03:21:00,4,412.6115171505157,32.723735234273164,27.976582828512615,47.981580309548484
2025-07-14 03:22:00,4,393.2431670653448,32.54675751142762,27.493473881003414,64.79970702973536
2025-07-14 03:23:00,2,399.49967383081196,30.68436137963721,21.091933970475903,45.012999348743854
2025-07-14 03:24:00,4,381.6477415184154,32.71304520486813,28.595874273821345,38.87251867902471
2025-07-14 03:25:00,2,404.05796416431275,28.234970699652997,25.058029196326466,54.7757474419869
2025-07-14 03:26:00,4,408.2046553337452,29.661424559633613,27.201219943664665,24.353188808120187
2025-07-14 03:27:00,4,394.43022886629194,30.33222604449268,29.05854612233694,48.263824864135415
2025-07-14 03:28:00,1,398.2635327198814,33.90393826722743,21.234338635074955,27.11090712016114
2025-07-14 03:29:00,4,410.231743231974,33.294240635755585,29.275335842026806,25.75284950373545
2025-07-14 03:30:00,2,390.4776812631127,31.286867029483293,26.475688008368767,41.38327396363636
2025-07-14 03:31:00,1,391.67647778144993,31.185582822191925,24.110564285552957,42.76763381633839
2025-07-14 03:32:00,3,412.54064432274373,30.487948852844873,31.454638574200494,32.559033035902885
2025-07-14 03:33:00,3,409.1089855079415,32.587942749959815,23.399987283049725,64.97189479739136
2025-07-14 03:34:00,3,406.82126451227884,36.417232329136915,22.77652899490717,24.648941431755027
2025-07-14 03:35:00,4,406.62568965050883,29.483312350113025,24.636344965912688,42.6071354331897
2025-07-14 03:36:00,2,385.55323515135456,34.652225126803636,23.618284436778534,32.19092137976459
2025-07-14 03:37:00,1,401.86920672545904,31.65031410560835,25.325454586362827,26.596234121407516
2025-07-14 03:38:00,4,383.7759524281658,31.627387627570773,25.133836346295933,55.836131644537886
2025-07-14 03:39:00,1,400.60993799980406,29.590309749226904,22.19084594385842,90.79624852662866
2025-07-14 03:40:00,4,412.8284659797841,36.142263904469715,30.95625597192472,47.85017657377945
2025-07-14 03:41:00,3,405.6624748921213,30.162644797193753,24.691462862738508,37.193847644953294
2025-07-14 03:42:00,1,404.4556690916704,32.318378783160604,25.35242976228819,64.16405774485749
2025-07-14 03:43:00,2,419.43413646922306,27.783464461497807,22.539155868048578,40.6681799854612
2025-07-14 03:44:00,1,407.13299657136224,35.74030118623482,22.026673677094724,96.23885319079807
2025-07-14 03:45:00,3,403.8695379811255,29.681006004378908,28.220621567040116,45.21888932162664
2025-07-14 03:46:00,2,396.2717483516105,32.33376865606783,20.293629903656015,54.22401672741951
2025-07-14 03:47:00,1,416.386558595022,33.41596971227127,30.24722681640763,68.48011269845729
2025-07-14 03:48:00,1,389.13061227033785,33.73239097294591,30.774279091314256,47.479236692300226
2025-07-14 03:49:00,1,391.7037488943352,32.34291202517598,28.8172755052163,77.69775138106026
2025-07-14 03:50:00,4,388.7121344258407,30.805728826199893,24.491348352420268,91.11134129695839
2025-07-14 03:51:00,2,410.9110617347644,31.148006843481216,23.615222407404165,55.98959921417339
2025-07-14 03:52:00,2,412.700482600259,32.55982389976403,24.55680803116163,92.15658987593017
2025-07-14 03:53:00,1,407.85564529215367,31.501921257357044,22.319461272045423,61.1048283238643
2025-07-14 03:54:00,3,398.9979749055696,29.148009533747842,26.812071693779643,78.29470106736414
2025-07-14 03:55:00,2,405.5715639218566,31.67212723945289,22.01516832873728,91.71686429599043
2025-07-14 03:56:00,1,405.7681110593925,31.332109151359315,26.87035867960554,99.76745897802344
2025-07-14 03:57:00,3,396.4114673956983,34.35486663457638,23.961829404862808,82.89995608974287
2025-07-14 03:58:00,4,404.6596455699545,33.891525931208335,23.912795673685935,30.287296990277255
2025-07-14 03:59:00,1,403.85092193630504,31.82226762774016,29.20845250979618,59.02453302359925
2025-07-14 04:00:00,4,411.2822866994949,34.776318121841626,31.52118345092776,37.1560052681444
2025-07-14 04:01:00,4,376.85009469390263,29.656077297077584,30.73045243803442,44.55002733391119
2025-07-14 04:02:00,2,389.5079885312362,33.74399462001314,22.9364622957733,23.98750129114637
2025-07-14 04:03:00,2,407.3704587054565,28.927127599025688,25.77672239408127,22.300314166333088
2025-07-14 04:04:00,2,403.25557687901374,30.140351900592048,21.554195249758543,99.15349457973304
2025-07-14 04:05:00,1,394.8945608469201,34.47351979806747,21.223689099675173,68.9150918785547
2025-07-14 04:06:00,3,414.5476451579794,27.507429254121945,18.91900172118648,58.08197687367084
2025-07-14 04:07:00,1,373.3405652760471,35.965225623293165,28.374375996925924,99.1345891975341
2025-07-14 04:08:00,3,413.32272232131885,28.064502808514423,23.382299201362404,28.243849363478333
2025-07-14 04:09:00,1,397.0351711255055,34.67649929866141,20.507015613286324,58.683092988863535
2025-07-14 04:10:00,1,399.453010852976,28.98072595278312,27.455628848062645,64.51818104872143
2025-07-14 04:11:00,1,408.2454063901645,34.64276232155414,26.420601054072844,42.917590909824185
2025-07-14 04:12:00,2,400.21054695226246,33.85925224426338,23.77868611502793,25.25454467389625
2025-07-14 04:13:00,2,405.80954759572603,31.007288721050962,29.40025925392662,20.483589464374454
2025-07-14 04:14:00,3,401.10897559898467,32.11526785943246,25.114884419123694,86.51175946881297
2025-07-14 04:15:00,4,403.2530285719404,31.606479178910046,22.38456194619097,67.5945372376666
2025-07-14 04:16:00,1,394.97604664570457,29.02245307194018,25.767435825254967,58.28216206307681
2025-07-14 04:17:00,2,411.3043035973781,31.71717979295841,26.33695595594183,98.86354445453699
2025-07-14 04:18:00,3,409.22171546954536,28.980861447167925,23.457391599270846,56.705442387591624
2025-07-14 04:19:00,4,389.3002328380821,30.664496443465573,24.10233854608102,48.19283778205797
2025-07-14 04:20:00,1,394.628903191826,32.68135800045671,25.292778668876135,98.30103319809263
2025-07-14 04:21:00,1,397.5833779286458,35.860447711476404,17.982566037887153,99.37064298036418
2025-07-14 04:22:00,4,407.6972983509541,33.29491063646769,25.81235216368671,71.59836514399746
2025-07-14 04:23:00,4,401.6526697537061,31.478032001404824,27.92327070554108,80.6437227510268
2025-07-14 04:24:00,3,398.2299330796528,33.78802171554307,25.77836530925596,68.19161369294054
2025-07-14 04:25:00,2,386.74912831918334,31.190655909461338,28.60939101001162,80.790791446888
2025-07-14 04:26:00,4,387.78771456554443,32.610730435658986,29.075649970701537,28.491804616453706
2025-07-14 04:27:00,3,392.99370380398614,30.560356796954938,23.457289939937773,35.651801511234815
2025-07-14 04:28:00,4,404.812271597802,30.6669802104011,25.002622730721274,33.863264801624084
2025-07-14 04:29:00,4,391.80892316057304,34.10985454614261,31.213929876930003,66.5862824154774
2025-07-14 04:30:00,3,393.5240448527989,28.27446923226491,21.463097743221137,68.35167056231668
2025-07-14 04:31:00,3,408.1798220360434,29.092445100525417,20.511408530182273,34.484016420102094
2025-07-14 04:32:00,1,396.25433790896716,27.891346675780774,25.764976290320472,66.16943187811873
2025-07-14 04:33:00,2,396.19929110470105,34.57753726982898,26.809135447626037,87.25148144724986
2025-07-14 04:34:00,3,378.77738544485817,31.80256956737241,27.84820550129007,66.55913992962373
2025-07-14 04:35:00,4,409.8035762606011,33.09778520146315,21.412148676982003,77.65403794909673
2025-07-14 04:36:00,4,428.6007288152949,32.079212633273436,24.375508004784617,58.19779169677604
2025-07-14 04:37:00,2,418.863417156194,32.46125857897542,27.966861496629768,52.657314727067856
2025-07-14 04:38:00,4,410.4073608668257,30.723907610218294,21.658367148677513,50.027974615103716
2025-07-14 04:39:00,2,397.32120074316,32.945307431747494,27.744630468414485,30.734402850717622
2025-07-14 04:40:00,3,398.41442143139784,33.47144668938509,21.478184715854404,89.47445044952659
2025-07-14 04:41:00,1,400.6839348671552,30.76818895823473,25.452281331115003,81.67363100350605
2025-07-14 04:42:00,1,396.99937982389565,31.86654068135319,24.5937684714962,94.68921803403973
2025-07-14 04:43:00,4,397.45244810701996,31.741854009702685,25.471852606691847,35.94304498912136
2025-07-14 04:44:00,2,394.9683549973046,32.1919657344182,23.59180396202608,67.55964042506857
2025-07-14 04:45:00,4,389.1835210941167,31.950530775235112,27.52009008772512,98.38560127032895
2025-07-14 04:46:00,2,404.3211465103123,33.195158117418096,17.412828715518483,21.78988498409349
2025-07-14 04:47:00,2,398.75838557743816,32.711828855885656,23.26854172601915,88.13280210722473
2025-07-14 04:48:00,4,407.3244955280801,29.731398848874026,23.036528069673388,56.38988430060196
2025-07-14 04:49:00,3,402.8252974908982,27.404235773250903,21.0065144910288,67.23757021700541
2025-07-14 04:50:00,2,415.3786445410594,30.91164160433904,29.52786749832562,43.364547987234694
2025-07-14 04:51:00,1,393.6456517088756,32.42504998843039,25.343807918290075,71.77950554305568
2025-07-14 04:52:00,4,393.6194871167417,30.089294760577296,20.190098588758936,49.200090942005346
2025-07-14 04:53:00,3,397.4633538430748,30.616607403197616,23.169179733446907,82.45955867248016
2025-07-14 04:54:00,4,380.6910218160374,37.40023113182357,27.488580773437974,98.7211250105627
2025-07-14 04:55:00,4,396.7753381148805,31.83383632980492,29.418954110518406,39.302010051833506
2025-07-14 04:56:00,4,405.83611468530694,33.034703129645095,24.110368764962438,30.18736409841872
2025-07-14 04:57:00,4,392.7978428918679,33.89504103581634,26.332563932322245,41.459847144731114
2025-07-14 04:58:00,2,419.74284626882184,31.87177347015693,28.59364043660491,25.506956978231308
2025-07-14 04:59:00,4,393.75905204872146,29.396934398455482,31.223159795338127,81.83240377779275
2025-07-14 05:00:00,2,396.42765201369036,29.040074006966808,27.541287530107795,90.10367175803994
2025-07-14 05:01:00,4,401.6459069004539,32.33158022233963,22.373833493612764,70.08523527689363
2025-07-14 05:02:00,3,382.2755187630705,28.58660802199158,22.213323939678144,47.51933831041275
2025-07-14 05:03:00,1,413.395916488006,34.91967502638415,24.534101144392643,57.472194660499866
2025-07-14 05:04:00,1,401.90840380156294,34.09782150642039,19.42512827836163,25.234665841341865
2025-07-14 05:05:00,1,388.096116938686,35.389170392529834,23.181866891705397,84.99991158445471
2025-07-14 05:06:00,3,388.6705715683509,30.804508049947575,26.57585123372086,44.03673607849501
2025-07-14 05:07:00,1,403.29324876339973,34.145601987140765,25.7127892671524,73.95646768642945
2025-07-14 05:08:00,3,404.9682149510495,30.180623380299487,27.65059096179126,40.83822742002092
2025-07-14 05:09:00,4,411.52507998399864,33.483811674583464,25.281971765106423,72.17335277585283
2025-07-14 05:10:00,1,399.2889415060816,33.925973753585,20.965052547170906,28.066206561150864
2025-07-14 05:11:00,2,388.16072255013495,31.42628236918968,27.191953805952622,46.4197747008507
2025-07-14 05:12:00,3,384.7709168900938,34.408102265875,18.10063767030853,75.91868599851529
2025-07-14 05:13:00,4,401.0839366962649,32.03973764211628,30.213743776968748,72.28501017792036
2025-07-14 05:14:00,4,400.6150303157144,32.64385473919693,24.399269680270315,44.943670852156565
2025-07-14 05:15:00,4,419.4187563673996,35.74125341407577,25.238493711120523,21.496190826797363
2025-07-14 05:16:00,1,391.764843741557,32.932783424958295,21.409312594440138,98.23644506663841
2025-07-14 05:17:00,3,390.2248920743287,31.07421018649402,26.98539723242002,33.44747083549837
2025-07-14 05:18:00,3,394.19117744250735,31.61288243495411,23.534770188568146,62.45494489021121
2025-07-14 05:19:00,4,395.5706466693136,30.34761316962227,21.363058203124304,25.592427471479724
2025-07-14 05:20:00,2,403.8171387727033,29.64610949122351,22.44252988021669,44.90284419250357
2025-07-14 05:21:00,2,395.18498744837757,29.876370623818286,20.257628825876548,24.009700123821062
2025-07-14 05:22:00,3,405.44348228151205,31.305397068481074,19.4150137421064,70.79994824408377
2025-07-14 05:23:00,4,403.37555972921166,33.574660092797764,22.58442262453079,79.15620289017113
2025-07-14 05:24:00,1,406.3877519606673,30.74911079906928,21.785123193999738,72.29688915101629
2025-07-14 05:25:00,3,398.67124453219054,29.834166971147283,26.193704131119684,91.97038763877133
2025-07-14 05:26:00,2,404.08878352023766,34.68560329742269,27.07761138474367,30.354757562180474
2025-07-14 05:27:00,4,389.7673426703392,31.847642585318777,20.953028146578944,36.9625160557917
2025-07-14 05:28:00,4,399.97772497607167,30.694211713380035,31.32367464755696,63.396658892381495
2025-07-14 05:29:00,2,394.8239903696286,32.07730691205508,30.837750870899555,86.89254961232713
2025-07-14 05:30:00,4,390.56885580622895,30.85510136073757,18.636378286904304,75.36714036265113
2025-07-14 05:31:00,1,375.25845732995464,31.390900149610648,25.561089071635294,52.02943349073721
2025-07-14 05:32:00,2,398.69224512877776,31.475491533325332,28.52206609719841,50.2694251290989
2025-07-14 05:33:00,1,401.53225645751974,32.13227053586513,22.733632065158233,97.98044147146226
2025-07-14 05:34:00,4,409.163411148591,36.39909586317781,24.644213309469748,97.30537316694912
2025-07-14 05:35:00,4,399.8096151170313,32.283552465218065,22.413984888220735,32.32134948358858
2025-07-14 05:36:00,2,400.83992662963357,34.01324910075827,23.42443348687798,96.89075802620246
2025-07-14 05:37:00,3,407.55325111294275,28.836602207289623,28.52176117927909,92.54224571029681
2025-07-14 05:38:00,3,399.7769782443659,29.519498347813386,27.71039074148559,69.21714040242026
2025-07-14 05:39:00,4,397.478248879312,33.07088460477367,23.42609289473205,44.04936396423584
2025-07-14 05:40:00,2,410.6288340353355,30.403145647469067,23.670133990742702,35.78679394383205
2025-07-14 05:41:00,3,415.4934563489079,29.445026912331272,20.637504986109164,56.68047808483088
2025-07-14 05:42:00,4,403.1289026627095,30.359063554659176,21.777250445978353,92.61325830502994
2025-07-14 05:43:00,3,394.1702663086813,28.907900792669796,26.298017713590454,32.29526717967331
2025-07-14 05:44:00,1,387.10205019141694,34.63356595024134,30.29510364355545,83.0598347465579
2025-07-14 05:45:00,4,408.90998986791783,33.75008038816289,23.604788245768027,91.57970645190969
2025-07-14 05:46:00,4,407.3312111921458,31.965184237283726,25.431873959820773,59.4056853496778
2025-07-14 05:47:00,4,393.0314035110065,32.40820120222344,27.007417068659457,82.06309170797964
2025-07-14 05:48:00,4,411.14209648216485,30.822070821174023,22.054969227044538,68.6296224557943
2025-07-14 05:49:00,1,395.5798865138118,35.15337181996329,28.72605556803186,91.7215350930451
2025-07-14 05:50:00,4,403.1986632972842,28.43363019155429,22.77320983187596,82.94867872930973
2025-07-14 05:51:00,1,392.2493573427564,30.024471435613513,23.964056542757206,41.35279524938546
2025-07-14 05:52:00,1,380.644420251329,27.030090854102834,16.475287123152423,81.90043783135997
2025-07-14 05:53:00,2,395.25058650109753,25.398389903460625,22.48891277478294,43.90135306537847
2025-07-14 05:54:00,3,413.41522661942486,31.34112569359175,23.01205527078098,21.67348890903731
2025-07-14 05:55:00,2,401.59108840828867,36.4470254792619,21.79945603546556,99.79489553176569
2025-07-14 05:56:00,4,394.38838658359987,30.41133166395756,28.355881276642005,71.0465552312173
2025-07-14 05:57:00,2,401.2027534782148,33.7760600933072,26.636082476310484,29.699352254888225
2025-07-14 05:58:00,1,401.9869901484901,34.09073723091961,25.256002390691208,62.27985135289076
2025-07-14 05:59:00,4,388.1235905969166,32.93961255295334,21.59055379436412,32.79159268984831
2025-07-14 06:00:00,2,399.43145643062365,30.303070386548296,22.00334349350299,21.096527069952735
2025-07-14 06:01:00,3,405.629993701136,32.68452799157687,24.44952848933768,47.254133357402495
2025-07-14 06:02:00,2,404.8882820072886,30.57204648776496,25.563391601103213,39.71704637684439
2025-07-14 06:03:00,2,383.69494061215244,34.528805868824236,27.39803964075074,94.81142438952433
2025-07-14 06:04:00,4,403.05731702211637,30.050777680075683,26.9380847810215,20.21555281975583
2025-07-14 06:05:00,4,392.4835697407438,30.616622370509994,28.489058450044638,49.823840355178106
2025-07-14 06:06:00,3,412.61857536702985,35.16766084617145,19.06700472508333,56.59823365885658
2025-07-14 06:07:00,1,389.88467095317196,35.6564045277822,24.282726752419485,27.163954386814126
2025-07-14 06:08:00,4,403.5792155209727,37.016443379190434,29.61056986210788,38.332843352359376
2025-07-14 06:09:00,2,402.66900656304125,30.793882857839122,19.987540984185046,63.472592512481526
2025-07-14 06:10:00,2,396.8042467151361,31.600193623484103,27.4738102200331,49.46962706520342
2025-07-14 06:11:00,4,392.5214638316021,30.058281108597647,23.550642882861492,91.6126191610367
2025-07-14 06:12:00,1,408.5692076380771,32.02219683120024,25.070519078741373,63.471244368993666
2025-07-14 06:13:00,2,392.43256666306866,25.051352414630987,23.173046494315663,58.10202677560021
2025-07-14 06:14:00,4,386.5192468127789,31.958970762544304,29.933151085614377,52.694153121192784
2025-07-14 06:15:00,4,416.70471300451544,35.12761747763957,22.495971625959736,90.76017883717412
2025-07-14 06:16:00,1,414.11438730570455,34.212132531853754,28.809280565693307,89.43249462744657
2025-07-14 06:17:00,2,411.0233538973575,35.341411557332044,20.41016650884019,87.0267755224848
2025-07-14 06:18:00,1,396.6545024067418,36.259710049498594,23.37402406526968,53.74102049086295
2025-07-14 06:19:00,1,390.62338668158407,35.294345163485104,26.464279046081398,43.833148736814636
2025-07-14 06:20:00,2,404.6752198874621,32.72919163727077,25.563167786456617,46.417733849123564
2025-07-14 06:21:00,2,404.6166162871841,27.560773724956533,22.928512852846765,24.838498614070232
2025-07-14 06:22:00,1,387.92620476318604,33.69158065367343,27.045245049347955,75.95272963353186
2025-07-14 06:23:00,3,395.01043544565545,28.97646742480838,25.109565691664024,36.99698489966235
2025-07-14 06:24:00,2,402.76441523618456,32.88683673684045,20.921141030573082,55.44945258229995
2025-07-14 06:25:00,4,383.0295332464309,31.770813137826682,30.157375094111806,45.6638574050137
2025-07-14 06:26:00,4,412.261460752324,31.981485725568533,24.095441980219206,23.228080212429056
2025-07-14 06:27:00,2,394.9524197779294,35.01670527017871,26.20525070902553,59.32316071014108
2025-07-14 06:28:00,3,413.55245564322814,29.786836533121274,26.513944461741133,38.36128508699156
2025-07-14 06:29:00,2,407.70534273079636,32.46391625821959,25.401287066762908,66.18753081134852
2025-07-14 06:30:00,1,394.28112231299014,33.35689450250489,25.91560348971024,51.675829552417845
2025-07-14 06:31:00,4,406.73283923883,30.46176295778783,23.919941982140397,35.59416564060852
2025-07-14 06:32:00,1,396.73549890771835,35.07667886222787,27.631550542272436,85.78139518460638
2025-07-14 06:33:00,1,384.04914139176583,30.248518047669204,26.97000967871832,70.30797527112608
2025-07-14 06:34:00,2,396.7041558324825,30.30975700864166,23.89063226720944,90.49868266871023
2025-07-14 06:35:00,2,417.627290795952,30.399414401291445,27.568438135087487,23.10078499787192
2025-07-14 06:36:00,1,404.2247205631534,32.986412809397486,19.261687469998986,36.99116333821991
2025-07-14 06:37:00,1,398.7328267666526,32.27276837447829,18.017181364857947,36.45710534363852
2025-07-14 06:38:00,1,390.7940249495805,32.82620379258228,26.101942332553367,30.845342129702153
2025-07-14 06:39:00,1,394.35656648171846,32.38977342242672,21.678715830545144,39.61040562105805
2025-07-14 06:40:00,3,393.6715444769555,33.63636114001587,25.52705056578196,28.95238595753095
2025-07-14 06:41:00,1,411.36188888602476,28.473926956157076,26.83284351730357,66.24027093101797
2025-07-14 06:42:00,4,398.66409616330037,34.75772375407374,25.912001068294053,51.212565508945865
2025-07-14 06:43:00,3,396.0856303401217,29.968420297068416,27.50853009322539,44.86864521879734
2025-07-14 06:44:00,4,398.67007996529566,31.879093312514,26.997235061128027,82.69604144211911
2025-07-14 06:45:00,1,416.1629791786439,34.122470257659,26.8971499415355,62.64380423420035
2025-07-14 06:46:00,2,397.7215152495514,33.57669583746066,25.15606813193189,82.81126423559724
2025-07-14 06:47:00,2,398.9264809690387,29.08541166222414,31.354771621884893,92.67691155870855
2025-07-14 06:48:00,3,411.1580401865699,32.44317557978366,27.324991386603248,32.155726818449025
2025-07-14 06:49:00,4,392.9013759397382,32.752943009690185,25.738677624064934,57.589357619192114
2025-07-14 06:50:00,3,382.3883899860547,31.85023679002346,29.108234203769285,28.048130691227797
2025-07-14 06:51:00,2,395.49334413979335,30.52664438700199,26.353703163768863,84.69489163899799
2025-07-14 06:52:00,4,401.283413295255,34.30205142383124,23.34155955627514,37.978107433880616
2025-07-14 06:53:00,2,397.5996553407023,29.61478243421995,26.645821577830585,87.15636599250166
2025-07-14 06:54:00,1,395.39698655315567,30.218730440812784,27.013967140545617,62.789232140374565
2025-07-14 06:55:00,4,395.90019928349693,32.32201983687047,23.796377815550674,87.12180255051337
2025-07-14 06:56:00,4,398.0450171392272,32.744079156666274,22.163136766961927,68.6569783739331
2025-07-14 06:57:00,4,410.186901081511,30.188500986340575,22.036152809747907,29.070591829874928
2025-07-14 06:58:00,1,414.566988550306,33.01300206294445,22.6512120640825,61.12636996974117
2025-07-14 06:59:00,2,410.3976856579906,34.061695083760064,25.446958532708027,45.24697644090756
2025-07-14 07:00:00,1,398.4891189126697,30.583209462271686,30.92940679667742,60.1947381177319
2025-07-14 07:01:00,2,397.7779640401454,33.560837216451816,25.317783390375293,55.46802763863237
2025-07-14 07:02:00,1,403.1752956531199,33.796238457027954,23.036647855767885,83.95535373534864
2025-07-14 07:03:00,2,389.6378060199215,31.631403652803822,24.63220729709202,65.1543775678509
2025-07-14 07:04:00,4,400.66001708908266,32.903894448353086,25.07124193243343,59.05320718343877
2025-07-14 07:05:00,1,408.8011492778097,36.533433765696614,27.73929749346892,46.42121013328922
2025-07-14 07:06:00,3,392.4483676560375,30.695916764017575,26.881974586370646,43.678768151150365
2025-07-14 07:07:00,1,380.7919991882303,30.991410908778192,21.039507343187136,75.89178016474978
2025-07-14 07:08:00,2,402.351793139878,25.353875415194427,25.727737595928186,28.08162905982841
2025-07-14 07:09:00,3,400.02477785788125,30.439780818300328,18.7158182794182,70.72576714141182
2025-07-14 07:10:00,1,403.4772782259756,34.54784727252244,29.77103148338525,72.61220670063037
2025-07-14 07:11:00,3,421.92967061741996,33.33729765615414,25.14551014640116,26.991829842070032
2025-07-14 07:12:00,3,390.78568226059235,27.885779152587197,26.440001412805277,28.56864756373165
2025-07-14 07:13:00,2,405.9389236469627,29.359980584635565,25.003280724371294,56.295339132893716
2025-07-14 07:14:00,3,378.8065182604587,32.31854809885283,24.44883225977017,48.52961222431957
2025-07-14 07:15:00,3,417.7869226317819,31.71280255391552,20.370217441048077,29.052548976032504
2025-07-14 07:16:00,1,395.1434290696436,31.560321412844704,25.469993770464427,84.8292869654909
2025-07-14 07:17:00,2,410.70282337286187,33.0955363330142,29.349535935017244,20.078100428247467
2025-07-14 07:18:00,4,418.62681469314293,31.814147754732797,24.427329032807034,60.70538739292542
2025-07-14 07:19:00,3,403.2588796405824,27.585126341646106,25.934901161752155,76.70316685015848
2025-07-14 07:20:00,4,400.09291208834657,32.130948003046164,22.654328430249734,59.22076732758676
2025-07-14 07:21:00,3,400.08282392113597,31.527177541570165,23.50615799741273,94.48458582085314
2025-07-14 07:22:00,1,403.2718438029096,34.69406447721031,25.445114390387474,81.19852758436248
2025-07-14 07:23:00,4,401.11965476255995,30.159074605031673,27.14758855119768,25.52419160560934
2025-07-14 07:24:00,2,410.6605954901152,33.22045858285079,24.258816434125997,36.39250621696327
2025-07-14 07:25:00,2,396.72773540112325,32.41277889522861,27.290955650903328,83.86272106467956
2025-07-14 07:26:00,3,410.46616704272566,34.352774732028806,24.784209919821606,45.907811585636594
2025-07-14 07:27:00,3,399.98406585340297,29.275224388621957,22.578484647433815,48.780050954438735
2025-07-14 07:28:00,1,418.3644525923115,30.109927562261497,22.897845690240146,75.06578378647261
2025-07-14 07:29:00,4,410.1425092211731,31.935731602412513,28.247107472654005,34.90628586281697
2025-07-14 07:30:00,2,393.5462095827132,31.547567850854847,24.67252315019212,44.63475284628799
2025-07-14 07:31:00,2,398.05760951700586,33.20599096061843,21.175762715246254,38.522826139083165
2025-07-14 07:32:00,1,408.16926074052014,32.58324742667527,26.546282748560326,30.772652482446404
2025-07-14 07:33:00,1,413.6031687641977,32.9408641809928,26.45447144868909,96.15646324105558
2025-07-14 07:34:00,1,407.309827357057,33.34962425464268,24.242718956296223,39.214357344098296
2025-07-14 07:35:00,4,398.8383258232446,32.69575335861849,26.86247184630192,33.440741071465894
2025-07-14 07:36:00,4,398.1780472137688,32.48816394046984,26.57663378660415,30.0100017228562
2025-07-14 07:37:00,1,398.76330610376885,32.504847998531325,33.56907402212459,69.58381614880999
2025-07-14 07:38:00,2,392.7168639292473,30.779225685567916,26.06846316390556,91.69342134787777
2025-07-14 07:39:00,1,391.20326399820163,31.02390192014122,24.022341422026624,70.2509962699068
2025-07-14 07:40:00,1,412.73019927676023,36.38044788734982,25.127575298759044,60.89437289671646
2025-07-14 07:41:00,4,426.84001453336646,31.46567394367071,24.86543231336636,69.74479297802324
2025-07-14 07:42:00,2,394.9924937850707,28.785960405788725,25.623912376071697,90.807004253366
2025-07-14 07:43:00,1,387.47877998343625,32.88162611749918,27.88927482798848,33.63995931735359
2025-07-14 07:44:00,3,397.87096957343306,30.335287135274633,25.761053673115576,70.10804898350477
2025-07-14 07:45:00,3,404.7223296063754,34.82949515028807,24.570810543125372,54.34391328026046
2025-07-14 07:46:00,3,399.55939982376754,36.269031393700196,27.92330910881575,68.98147862740274
2025-07-14 07:47:00,4,386.9874135167594,34.015799363605254,21.603185832271166,68.70074476198494
2025-07-14 07:48:00,1,385.7345909370888,33.34808714783851,22.76488969222119,83.73255910094235
2025-07-14 07:49:00,4,394.79264094255336,32.62941671522366,25.291432934625867,29.093910840996216
2025-07-14 07:50:00,3,405.0791080865738,31.81455050561068,23.28984453040895,65.05899718941198
2025-07-14 07:51:00,1,418.34163599373557,32.84952248610418,29.982774009926132,32.895267943408314
2025-07-14 07:52:00,4,387.90463264065653,34.40150145938656,25.918146652229353,48.22154058213396
2025-07-14 07:53:00,2,383.27585051107275,29.000977496090822,21.999854993927507,48.49497483223012
2025-07-14 07:54:00,1,406.12660557605176,33.299844321762755,26.309603068974493,96.48115781157222
2025-07-14 07:55:00,2,415.10071418068026,31.839618310166102,24.841766119819034,73.20728371667721
2025-07-14 07:56:00,3,411.19659804527623,31.821139767520656,32.21972405675109,63.30601072262275
2025-07-14 07:57:00,4,394.10786800744216,30.15804105837911,25.349812132131497,55.6290472547386
2025-07-14 07:58:00,2,403.1509850419782,30.87115132865989,30.98198696678712,43.68108527442986
2025-07-14 07:59:00,3,408.898687573272,34.82414320961068,21.325734563433716,30.08378644252531
2025-07-14 08:00:00,2,397.50213747078527,27.76229519329452,21.28634389820241,20.545907407227944
2025-07-14 08:01:00,3,423.05218182657075,30.457646093990196,26.157621030375942,47.994794677452894
2025-07-14 08:02:00,2,401.71010126628704,29.586412053076657,26.14871222502968,91.0564334504863
2025-07-14 08:03:00,1,414.06932133451403,28.41575659385098,31.581911219684216,81.80175098991467
2025-07-14 08:04:00,1,387.64269533557217,32.925682889408485,27.79312624618721,98.83137925257333
2025-07-14 08:05:00,1,405.9043427584875,29.963990691192414,20.550504654967387,34.142335989330554
2025-07-14 08:06:00,3,397.79246296680265,29.75767364930875,27.17231154883612,39.060867669070056
2025-07-14 08:07:00,1,408.612022125717,31.141564159100277,24.612455314490205,87.64017844594869
2025-07-14 08:08:00,3,400.6186838637824,33.07167556589474,22.513950609278048,98.05687922758649
2025-07-14 08:09:00,1,390.5527358195853,28.093186762480997,20.86076989178561,98.93791181279613
2025-07-14 08:10:00,3,409.41851688414107,33.594026951083734,25.314534514893282,39.53546834251006
2025-07-14 08:11:00,4,409.9660877977001,29.87830818895426,26.445428982986403,31.236405067247752
2025-07-14 08:12:00,2,393.7445551132595,30.510674038168798,25.244396421411857,64.6632687452593
2025-07-14 08:13:00,2,393.13236827949083,30.31051342543419,24.45805479749283,47.14767379737812
2025-07-14 08:14:00,1,412.9744593819818,33.41797898027956,22.98297042011723,80.3782925146416
2025-07-14 08:15:00,1,414.7001385689372,33.16611577089363,30.927358641121835,68.14143897651206
2025-07-14 08:16:00,4,402.6320447632332,33.22836740169136,25.41685435558285,37.140277443708065
2025-07-14 08:17:00,2,407.6731835649398,31.30169794294469,29.039703659369458,86.56465071694288
2025-07-14 08:18:00,1,396.62806275507825,29.33535706205819,22.652960353307424,79.09891489396365
2025-07-14 08:19:00,3,394.7912452542155,33.83960410064026,27.90112848051549,42.54593104608455
2025-07-14 08:20:00,1,404.523481202295,33.39132454443858,25.498986874389278,25.606557813218416
2025-07-14 08:21:00,3,399.5542408380783,32.73197211326031,22.61600488876994,98.59775636556647
2025-07-14 08:22:00,4,393.2493670426446,29.855627298599607,28.529368969109726,84.83462225746442
2025-07-14 08:23:00,2,391.9684117405224,28.12502525580805,24.464857749888715,49.436291970356706
2025-07-14 08:24:00,3,406.42160853920194,32.533281544511055,28.314181577318468,65.6688856393977
2025-07-14 08:25:00,2,404.55058374425704,32.61560763620678,25.681184945999767,27.136328508785255
2025-07-14 08:26:00,3,401.2439648777322,31.77448714816981,24.525339911403073,72.17048939704623
2025-07-14 08:27:00,4,390.91316407843516,31.310111791286936,25.129712228342537,55.557590985252325
2025-07-14 08:28:00,2,395.5108598535516,30.004009114321352,27.48213749412523,70.9812349362511
2025-07-14 08:29:00,3,387.6101956173406,32.16768961777236,21.67039985673931,20.978337482401255
2025-07-14 08:30:00,3,389.60082554576843,34.02039524696414,25.198035990078896,46.15515994681698
2025-07-14 08:31:00,4,425.2788802346012,31.29125437993344,15.454533375799581,39.79669664891698
2025-07-14 08:32:00,1,418.1332487366404,34.94093241281197,24.269461224358025,50.034738155684586
2025-07-14 08:33:00,4,389.1521719157926,30.46163536153073,30.591667466140642,40.91729874306082
2025-07-14 08:34:00,2,415.39437841023977,35.30057460180366,26.64807423495434,72.52406623994298
2025-07-14 08:35:00,2,415.10812277090065,34.536241034949946,23.520104036399495,61.07431715557166
2025-07-14 08:36:00,2,393.84450480797295,33.405630610406064,26.004745261483453,81.3071993556523
2025-07-14 08:37:00,3,381.2167666480884,36.234748546119356,26.507245342025065,79.90306272736618
2025-07-14 08:38:00,3,395.1847376581561,29.658563537969975,26.32626284988008,64.29711333278895
2025-07-14 08:39:00,4,397.91517405731616,33.57379457321013,23.65066164722161,95.43082899646215
2025-07-14 08:40:00,4,398.5760465986917,33.625791269618446,24.555631281329628,58.225220095603014
2025-07-14 08:41:00,4,402.66007345796487,31.301887776603966,22.11131751147505,63.17821580211319
2025-07-14 08:42:00,4,405.0481200088999,31.364783741720846,24.04578691792729,42.93028688236092
2025-07-14 08:43:00,3,407.4461796346747,34.14103915590484,22.08307963519266,63.20909523873304
2025-07-14 08:44:00,1,408.0114261591511,29.814617832507636,21.4149188341981,33.228890271890215
2025-07-14 08:45:00,2,407.9150871967569,28.416782226443072,28.23450286762012,48.02610290917633
2025-07-14 08:46:00,4,407.34845893065864,35.33780066838108,25.225996101895714,20.67857044288565
2025-07-14 08:47:00,2,392.1297482203878,30.869786552413927,27.247922350966228,71.13818765295605
2025-07-14 08:48:00,3,398.6175535645766,32.08824185494217,22.66298825356139,35.784307069876846
2025-07-14 08:49:00,3,399.28281853799365,36.63438895023951,22.065592769821627,45.61569563941502
2025-07-14 08:50:00,4,411.34392464395575,32.83850639194632,21.035501397481223,90.91676908128505
2025-07-14 08:51:00,4,389.66112813974866,28.068905508000363,21.883306387379726,38.22908765112159
2025-07-14 08:52:00,4,408.3900800687518,31.798286994108192,24.304315662297704,28.45354324554945
2025-07-14 08:53:00,4,401.5081635040236,30.194126474130666,24.431737545703694,70.76617924876973
2025-07-14 08:54:00,4,398.7652475270687,32.13324887957977,29.281684071569423,69.93543148811436
2025-07-14 08:55:00,3,407.66678911153303,34.01355759546864,24.84277250564384,28.17415799150968
2025-07-14 08:56:00,3,388.4820964726782,31.289460516201956,27.4442086893434,74.35825312505574
2025-07-14 08:57:00,3,403.0965356861481,32.498358520372484,17.868739044839117,93.1297474385164
2025-07-14 08:58:00,1,402.02692661964176,30.626767411292825,24.039102063008585,72.84109651400101
2025-07-14 08:59:00,1,389.093690258768,31.985224206090454,23.98597037725241,26.898490260411194
2025-07-14 09:00:00,3,402.76765120917565,30.297197874883445,20.498406122470087,73.44379310957362
2025-07-14 09:01:00,2,403.27348308649334,32.209361481454806,24.491413657496985,93.18798943750922
2025-07-14 09:02:00,4,381.15760819219065,34.829071486060705,27.56008101562638,90.97438332424232
2025-07-14 09:03:00,3,382.7370271503424,32.542947184231664,28.557752226330834,71.93539631635156
2025-07-14 09:04:00,2,382.2450351750064,30.501914373644947,25.817881678686113,62.91149224793565
2025-07-14 09:05:00,1,393.12641205758354,33.57733482336489,21.039323828576293,60.71881501053333
2025-07-14 09:06:00,3,398.65676206305096,30.49259761360252,23.82464212358984,26.922822278286908
2025-07-14 09:07:00,4,407.19723409037255,32.57531842360911,18.685158644802385,37.832796976565064
2025-07-14 09:08:00,3,402.6288297500991,30.201241636115125,26.71987770956905,90.33580301446871
2025-07-14 09:09:00,3,412.5791262630349,30.484254512363464,22.915710000539136,23.562507803776576
2025-07-14 09:10:00,1,415.61811365536164,32.66350950330284,26.21645219503659,80.36279773534548
2025-07-14 09:11:00,3,409.90953903351755,33.95745286158591,26.212939954548247,66.73353960706541
2025-07-14 09:12:00,3,409.052989716276,33.30390721890667,30.038602737376248,59.87049521094134
2025-07-14 09:13:00,4,383.2181692282721,34.32583925419431,23.678568315627725,57.64947696632436
2025-07-14 09:14:00,3,381.7312648524851,30.84919730238432,20.454881595697955,75.80915033386438
2025-07-14 09:15:00,1,387.96297536792656,28.610764080015354,23.2251131373825,90.88231498872223
2025-07-14 09:16:00,4,404.66166510566296,33.85448719720931,27.744736245688134,38.67537480132066
2025-07-14 09:17:00,3,404.1166083936373,28.611383642001577,26.19775781819639,24.730988185359976
2025-07-14 09:18:00,3,394.59392198459733,32.61306278115776,26.70134342796743,95.09889025300882
2025-07-14 09:19:00,3,403.34777162962445,29.380746179319384,25.434814104821832,20.90514086426074
2025-07-14 09:20:00,3,407.08002930586736,27.80187686381487,24.748253301024587,53.24103099518801
2025-07-14 09:21:00,3,392.30071061128865,33.76879138185399,28.12753797258639,69.20432110946032
2025-07-14 09:22:00,1,396.86470025519617,32.577294503182735,21.626336714064045,83.14370500167146
2025-07-14 09:23:00,3,389.56518671876063,34.104431670698375,24.82991840229756,91.55554001719895
2025-07-14 09:24:00,4,400.3405403700441,30.91804322857722,30.066437493117995,20.709393485613106
2025-07-14 09:25:00,3,394.9402583645737,34.80221996260073,26.046965197114766,67.83086615478518
2025-07-14 09:26:00,2,415.81218642230925,32.2599460206722,22.358586585140614,24.946101007984502
2025-07-14 09:27:00,3,406.871254179702,32.284352962062236,26.36275234570763,38.7602314608257
2025-07-14 09:28:00,2,395.84320342958586,29.55589088933271,27.68952408104818,39.26608661783525
2025-07-14 09:29:00,2,414.9099706617596,34.170137367890014,32.65797350104823,48.79774421608672
2025-07-14 09:30:00,1,390.207213048205,31.187525025928903,29.300101345998684,48.07986679452455
2025-07-14 09:31:00,4,395.33918357654113,30.372922651920234,26.934436421431926,43.9743665831939
2025-07-14 09:32:00,3,401.9900968026903,33.15401542091566,25.478790001846175,89.36816141468816
2025-07-14 09:33:00,1,400.73589900170265,33.120227304833655,25.320237041967804,29.44877386818014
2025-07-14 09:34:00,4,400.22998498910096,29.06298683591598,21.43172784652204,52.83990576537165
2025-07-14 09:35:00,4,399.8721498130271,29.5132553387938,27.439034158629823,55.47910842385151
2025-07-14 09:36:00,1,395.76655403096754,32.64187783144152,24.31544571737761,24.976499738097235
2025-07-14 09:37:00,1,411.59371285339614,31.737347791522385,25.88225570479524,83.8863290834768
2025-07-14 09:38:00,4,399.02862356155197,31.773346020055666,24.7458707752751,94.07298137496136
2025-07-14 09:39:00,3,408.00487348648505,30.317560343770435,24.024895626715026,77.54026980310272
2025-07-14 09:40:00,1,395.14676598828464,30.966407570845625,20.175548873743224,39.11591178898665
2025-07-14 09:41:00,1,410.5744910238996,33.48028046711072,19.227298987159724,83.06821936144496
2025-07-14 09:42:00,1,398.739301235269,35.897199151549735,28.327830973342444,21.21649088763263
2025-07-14 09:43:00,3,394.7930356034501,31.191932478086535,19.34359030879002,57.51801765595911
2025-07-14 09:44:00,3,388.3506803657062,30.292073943379638,24.08687687355105,31.127499085477012
2025-07-14 09:45:00,4,407.97308953178305,29.416752407984802,26.435257830209633,61.97262537837945
2025-07-14 09:46:00,3,410.1237790052329,30.79398748844224,24.076024423056552,96.23691608797543
2025-07-14 09:47:00,2,387.08582419218493,31.966369788312488,20.25139350622826,88.6468330802378
2025-07-14 09:48:00,4,400.42005720950834,35.20179798001142,25.442425723939657,70.58592179202893
2025-07-14 09:49:00,3,413.9947544685203,30.579747228615837,24.295878583847166,99.49853134577162
2025-07-14 09:50:00,1,387.97861993588066,28.655348782020337,20.801330563010584,44.99920901315089
2025-07-14 09:51:00,2,416.16752798944077,30.685738559540745,21.21887459851442,87.8651561614199
2025-07-14 09:52:00,4,393.7988730025204,34.27519889204494,22.600050706259893,48.66089078902462
2025-07-14 09:53:00,1,397.38931870334903,31.2847147426395,28.325957792413547,80.11098954892049
2025-07-14 09:54:00,4,383.2564659870498,35.532561322341905,21.139253548558457,54.57818554130598
2025-07-14 09:55:00,2,386.5901773178446,31.009268821290956,20.842937981068047,40.93896208491542
2025-07-14 09:56:00,2,386.77200244836865,31.738162596743685,26.803454345318954,43.979687194235325
2025-07-14 09:57:00,4,402.75138475145513,31.739718031243378,25.7176525386349,31.0427202308618
2025-07-14 09:58:00,3,390.52635567182836,29.43127997216044,24.433785929161417,90.8959867001313
2025-07-14 09:59:00,1,376.0280509664493,30.050812534786523,24.8908081378153,79.48650347838115
2025-07-14 10:00:00,4,402.01188556061874,33.948902958631194,28.18226838733728,22.09444875074965
2025-07-14 10:01:00,1,403.23994651550487,33.569150802530494,24.230981525811774,98.81977486871806
2025-07-14 10:02:00,4,402.66533517181006,32.92011975346399,28.250795101861996,60.63784393693696
2025-07-14 10:03:00,2,400.2491815146037,32.731405360140165,25.436541176871014,28.163022976791325
2025-07-14 10:04:00,1,385.9695806289218,29.123619184022623,30.411559359036374,54.35208220298644
2025-07-14 10:05:00,3,406.5678340931962,30.846576152631574,24.12461891564617,47.23043034599958
2025-07-14 10:06:00,3,393.25244756442703,31.317888087802018,24.65114233630143,61.693962442978254
2025-07-14 10:07:00,2,400.4704292664537,32.53962930278373,22.995761204162573,92.82231356804219
2025-07-14 10:08:00,1,406.78527283225657,32.30125096157818,24.26763275012135,72.44771971189236
2025-07-14 10:09:00,2,405.2106000700074,32.82760468486885,18.666269283795966,58.346500377492575
2025-07-14 10:10:00,1,407.8323527264234,34.636617456576886,26.54608009493429,33.432027159252755
2025-07-14 10:11:00,4,414.2518678460115,30.181929216597798,27.913095238238377,84.1641631785399
2025-07-14 10:12:00,4,402.50213836358887,35.121919835760814,25.00191286417594,74.91123256084613
2025-07-14 10:13:00,3,412.88485629955534,33.27041818233805,24.566536123627483,36.31080337717072
2025-07-14 10:14:00,2,405.8738141208398,30.19584334633013,29.28553125043926,99.77643205350003
2025-07-14 10:15:00,2,418.04071560279766,30.908577673602075,22.249997373559523,95.9019401680653
2025-07-14 10:16:00,2,412.2227391945965,27.907055369340988,29.825698104328705,32.16155598026284
2025-07-14 10:17:00,4,400.3183747443301,31.21041004596503,28.57956183334688,52.02847883475374
2025-07-14 10:18:00,3,409.8895716956218,31.316236141350313,25.633119278022498,50.318806052360536
2025-07-14 10:19:00,1,421.5472561394582,33.13688346798294,25.35519045347659,22.641247350785676
2025-07-14 10:20:00,4,392.6145214601913,32.18887174378447,21.69388788983578,57.2919802171871
2025-07-14 10:21:00,4,399.56513986678243,30.521226741853948,23.958004944785483,91.40304811039502
2025-07-14 10:22:00,2,390.9130242614446,34.65757904194982,18.14476684491664,45.45456705708042
2025-07-14 10:23:00,1,402.64811799790795,33.0711636975476,25.513940844064205,32.20786350962062
2025-07-14 10:24:00,4,420.6410990622208,33.403017872372374,27.650352972998366,31.227563604203556
2025-07-14 10:25:00,2,399.23259398910074,31.494881001930445,26.333661595868282,36.960698126350565
2025-07-14 10:26:00,2,388.1494603580828,35.703993660484144,23.969793009812893,57.19328610701532
2025-07-14 10:27:00,4,408.97313139691437,31.61024244442179,23.071396200572654,29.434534177322
2025-07-14 10:28:00,1,402.51864255567125,31.71501225107628,22.861625715101358,97.75858231485901
2025-07-14 10:29:00,4,385.59408122905126,32.728967147583646,27.464951262313665,84.74393319500128
2025-07-14 10:30:00,2,386.8339221132114,30.277384639870895,22.31374316296109,80.21088754997692
2025-07-14 10:31:00,3,428.6486363660041,33.20935341711753,31.452462976263536,91.99507777191965
2025-07-14 10:32:00,2,408.26194801089315,32.74905083331191,25.99795367723869,32.764496693701105
2025-07-14 10:33:00,4,394.4774623219288,31.89225770513108,25.20570334409019,74.72088752125313
2025-07-14 10:34:00,1,393.28985101512956,31.330051157052733,23.917540575946852,20.52155654381461
2025-07-14 10:35:00,1,389.9373763365803,31.77955655191782,24.5953617614435,22.529831729390253
2025-07-14 10:36:00,2,377.60302313699117,33.59761573116009,24.139083870458208,38.135738139468735
2025-07-14 10:37:00,1,405.0516952711704,31.950399170924722,26.031731784528443,92.92414870437221
2025-07-14 10:38:00,1,394.3716673260677,30.730435207840582,26.584253157753324,47.25142002347805
2025-07-14 10:39:00,1,404.5442619707864,29.37949705857828,27.28676915612184,79.01760285005946
2025-07-14 10:40:00,4,401.657628082283,31.787571514811905,21.331946386571147,31.277256235763424
2025-07-14 10:41:00,1,378.8464645591134,32.69654515513142,25.978136973304846,75.8225757456342
2025-07-14 10:42:00,4,389.5161505722851,31.174269537460226,22.05703496661409,65.44399448678817
2025-07-14 10:43:00,3,397.94603655936476,32.375898923779495,24.73202238390053,43.405194200007095
2025-07-14 10:44:00,2,408.069780531322,27.96018566585586,25.238855990601916,63.95916298566681
2025-07-14 10:45:00,2,395.68178074262744,36.09550694553986,24.27643347893505,82.23997621920947
2025-07-14 10:46:00,1,393.0224273114454,29.924010574585758,28.58487828821529,58.34403417027771
2025-07-14 10:47:00,3,387.5898299171422,29.048894983593126,23.527560200097348,76.61322256481107
2025-07-14 10:48:00,3,410.6889711183504,33.97007151980591,30.74737506963522,83.40324303120977
2025-07-14 10:49:00,4,386.7681854620839,31.991219901380905,22.770935067453888,28.278028765168806
2025-07-14 10:50:00,4,401.51287234915736,29.444387979458938,24.929714767669545,67.10789423141762
2025-07-14 10:51:00,1,414.5237969402527,30.39113230343189,25.355565840233478,78.66557773542098
2025-07-14 10:52:00,3,392.9235182629089,31.280552718232908,28.616859588089422,63.46910739006028
2025-07-14 10:53:00,4,393.9336142777047,30.24869354550387,19.63928809094694,40.026101816210925
2025-07-14 10:54:00,1,414.32545436953416,33.38619693225066,28.58188217567335,25.499202639329326
2025-07-14 10:55:00,2,409.60859138196247,31.698970836600516,26.30568591846996,67.79209409374522
2025-07-14 10:56:00,4,408.3406521177971,33.73572264378968,28.24824442492019,25.982095459347015
2025-07-14 10:57:00,1,401.19157444375713,32.037740192882985,26.941717128607696,79.19637536140134
2025-07-14 10:58:00,4,393.8649131548617,31.185315623190785,31.84062755588637,70.38273041845162
2025-07-14 10:59:00,3,395.7209735928549,29.721235199932885,24.90445364995042,62.63481972562896
2025-07-14 11:00:00,1,392.0267224325137,33.61502363086941,19.24269885487326,98.5213163309239
2025-07-14 11:01:00,2,401.122205262128,32.274870502879075,27.46842349928592,52.85271212440619
2025-07-14 11:02:00,3,384.3353268482381,34.71218561614548,26.260443763625133,25.394574478265433
2025-07-14 11:03:00,1,396.6120684541578,34.91231590839061,28.027070377090983,33.89932506628565
2025-07-14 11:04:00,2,384.76933120683316,33.31851141433963,20.848421779010128,96.08322619696936
2025-07-14 11:05:00,3,399.14896389363514,29.34727241609334,22.96216594576184,77.7844188432303
2025-07-14 11:06:00,2,401.3219009384375,30.202977593250715,28.206271971525307,39.43444762050775
2025-07-14 11:07:00,1,390.3748439842443,28.882494400454668,29.48650009418841,71.45661540245493
2025-07-14 11:08:00,1,392.5984785043791,30.895523163444334,24.07880195707509,59.57303991470308
2025-07-14 11:09:00,2,392.4745731752253,31.145424166872157,24.780639416159435,77.09877044244338
2025-07-14 11:10:00,4,409.728712933145,31.599675877517246,26.480481659289893,39.86793932673669
2025-07-14 11:11:00,1,390.95083851852814,32.38113661750335,27.83908963651029,29.226075977541246
2025-07-14 11:12:00,1,388.5351861586787,31.798220043939498,23.72451269747574,47.99640352650057
2025-07-14 11:13:00,4,405.1585472952374,35.68250783401375,19.708994330534995,77.59496438998545
2025-07-14 11:14:00,4,389.79668652476505,32.15791488962781,22.914856572140007,33.901718460561156
2025-07-14 11:15:00,3,397.4444088578411,31.848607054480944,20.53726176386457,66.5280733148578
2025-07-14 11:16:00,3,398.5127540342265,35.02826969097837,26.56797626689671,89.17262017773432
2025-07-14 11:17:00,2,409.83283674651767,30.87721711064717,22.20661145799955,92.71179169396169
2025-07-14 11:18:00,3,390.3172309481938,30.258930888316794,26.56529749533089,65.2001684925915
2025-07-14 11:19:00,4,396.9648269285794,31.60325847747258,26.988048076843153,73.01143655849523
2025-07-14 11:20:00,1,394.9762836514993,28.653093889515958,24.174359465276847,27.763077135484213
2025-07-14 11:21:00,2,403.09233131120607,33.232358224538245,23.112487052663155,52.22352915836669
2025-07-14 11:22:00,1,409.40716503626606,28.22793452868425,20.842714267195944,80.74997014968895
2025-07-14 11:23:00,4,412.7401654852121,32.79388053506024,22.86235244996795,56.46077910783851
2025-07-14 11:24:00,3,400.8676600263323,32.10464420800894,29.23490016946283,24.349458746403734
2025-07-14 11:25:00,2,401.1386508072969,33.1370656472283,25.144903205407758,85.05570027419789
2025-07-14 11:26:00,2,385.12380162599595,30.548909905890614,24.05106080201766,53.38867631592292
2025-07-14 11:27:00,4,397.4340513931208,34.95323859062163,20.746053366056767,21.23594422528938
2025-07-14 11:28:00,2,400.69618972071265,31.348661987365855,31.456586752230272,49.15318271144699
2025-07-14 11:29:00,1,401.413819602204,31.162976260174062,23.77580540104233,38.11813332072438
2025-07-14 11:30:00,3,419.27794526613866,35.52602362956209,21.67782902524839,75.80448125231044
2025-07-14 11:31:00,4,407.5604227311873,29.456124572719236,25.485656755590643,25.987701294449586
2025-07-14 11:32:00,4,400.4995177418848,32.65334329447547,30.759040092169748,90.07973773379186
2025-07-14 11:33:00,3,382.6894454240936,30.181267301540704,23.944024703646544,23.22831328840404
2025-07-14 11:34:00,2,394.5264459897025,28.51926520068482,17.268106947083627,80.19747505468176
2025-07-14 11:35:00,3,396.92794263453567,30.664071160885914,25.016188690147136,69.81983768130691
2025-07-14 11:36:00,2,413.535435349368,33.593269627654,22.528092506477922,98.27958714966245
2025-07-14 11:37:00,2,396.7964991572298,29.477958233008575,25.201724757542124,38.73530264331873
2025-07-14 11:38:00,4,412.44574203689723,32.90855617685353,29.300339850566722,62.47428605441716
2025-07-14 11:39:00,3,395.8807704677111,29.919635269606918,25.231871965758117,31.915720538123402
2025-07-14 11:40:00,2,408.04180287005727,30.766413243316485,26.52038319437392,56.25613579999787
2025-07-14 11:41:00,4,394.501136577392,29.49973918899003,29.159331014075896,97.38536753265018
2025-07-14 11:42:00,3,418.46563444384844,30.24511275901557,25.22798657011323,57.412408726566596
2025-07-14 11:43:00,4,419.0153219853368,30.09429479734013,25.77262608406903,40.309361685100754
2025-07-14 11:44:00,4,404.5839877799952,36.11981624354879,19.995299001603197,26.4873915284757
2025-07-14 11:45:00,2,413.9599263718017,31.118328559824672,27.938834508396212,44.98243004382857
2025-07-14 11:46:00,2,393.24244229688935,31.198553754154577,29.094804429326103,57.10397013873792
2025-07-14 11:47:00,1,387.33705142779087,34.15005948969917,24.87703996205331,40.867611027780086
2025-07-14 11:48:00,2,377.8378391753805,34.5111388368097,22.936832385464385,20.417776218946884
2025-07-14 11:49:00,1,392.87807573057256,27.905634484606523,27.538573394762572,74.89123185048764
2025-07-14 11:50:00,4,393.69275513659386,32.90144547066035,26.935433278896657,93.72798112210933
2025-07-14 11:51:00,4,393.5627082184239,33.77243654402618,20.30399031746356,80.9662434678354
2025-07-14 11:52:00,3,397.1030709583061,31.861969475345905,27.84843090587996,31.498128182021112
2025-07-14 11:53:00,4,408.2814841953128,30.825585253286654,27.037635295474328,65.01464009802598
2025-07-14 11:54:00,3,394.4933769722559,30.957208760005326,27.40746162797558,36.00676872974209
2025-07-14 11:55:00,3,385.56322342839263,32.753782887624034,26.102686669051902,28.511448318612498
2025-07-14 11:56:00,4,411.1363920303094,28.486259442831614,21.468582687503453,86.1967732995488
2025-07-14 11:57:00,2,396.82178165603403,31.514580905992645,26.208119904051213,29.722437808591806
2025-07-14 11:58:00,2,386.3259098529063,32.32929767956652,27.468376234443845,74.49958841685438
2025-07-14 11:59:00,4,402.217935116741,29.83613870932737,28.076799197154987,41.475120185534216
2025-07-14 12:00:00,4,385.0024389209902,34.19670289870413,21.01535722842746,78.04543554619003
2025-07-14 12:01:00,2,402.82753968487947,31.353304280461007,21.766194310455887,27.087114814583508
2025-07-14 12:02:00,4,391.1392969930617,29.767088986073603,18.51374375669721,31.583791931045244
2025-07-14 12:03:00,1,388.7313856277444,27.44135694679106,26.12700312608096,46.24317021370673
2025-07-14 12:04:00,3,399.8609972882992,28.48654245214565,24.934863750725754,41.29079222911155
2025-07-14 12:05:00,3,401.02983470225587,33.04488474679865,29.0862031511724,58.81566995733931
2025-07-14 12:06:00,4,395.83472179338503,30.597173040123934,25.745385643859677,56.217430984146965
2025-07-14 12:07:00,2,397.95695091465336,35.09055591424106,24.437823719419995,89.925604729666
2025-07-14 12:08:00,4,415.16392055795814,32.862602296931094,25.917368669632857,40.76775833075892
2025-07-14 12:09:00,1,389.327369110291,33.569818465565774,20.91086598904114,69.7042315519947
2025-07-14 12:10:00,4,413.290063320994,30.61376184098751,25.72609313485613,50.41651197754934
2025-07-14 12:11:00,1,388.62513616215364,34.21032929258751,20.462486452848246,54.271402432993135
2025-07-14 12:12:00,2,410.1841768620575,33.6362218617002,23.985105990892027,77.75813200552041
2025-07-14 12:13:00,4,401.0152947445762,31.681768195110365,22.890837379678167,59.57017931962191
2025-07-14 12:14:00,1,407.97012682122005,31.711494799892282,25.64447676173,62.9191716080648
2025-07-14 12:15:00,1,400.9139291164716,31.909159736540026,23.152364391854487,29.508110226765396
2025-07-14 12:16:00,2,401.21897484214736,31.517252116746647,23.267640061663535,47.611669798012755
2025-07-14 12:17:00,3,386.34182406352716,31.149766250765264,22.649943356536806,89.51943127088414
2025-07-14 12:18:00,2,417.39125540082307,30.256493124574053,25.505329736433467,34.5701015597121
2025-07-14 12:19:00,1,409.21409555684596,32.35662560726543,27.74985802861326,98.64346700599968
2025-07-14 12:20:00,3,409.27666328075907,33.054947456733736,26.09934024800634,74.96215749016852
2025-07-14 12:21:00,2,387.0486727275097,29.522474692931933,23.595700512313385,32.02808887085961
2025-07-14 12:22:00,2,398.8172195127785,32.76018661802984,25.28236280660264,75.74482140991293
2025-07-14 12:23:00,1,399.6137514770521,28.68399249983241,20.060840875188795,40.060171231287356
2025-07-14 12:24:00,4,400.14288713943665,33.30384917779416,27.399153273079513,41.887966085083264
2025-07-14 12:25:00,1,391.775795704871,32.770562346233426,22.869245322714526,86.59644335000324
2025-07-14 12:26:00,1,399.931963972435,32.68033526562479,20.973217965045727,42.67342487021523
2025-07-14 12:27:00,4,380.8145400584344,31.774206225407923,21.25834489051468,83.16500906196893
2025-07-14 12:28:00,1,391.2201633535097,30.872145902599822,30.59939721496699,61.48177194763363
2025-07-14 12:29:00,3,412.7535384240883,28.87951549176569,21.548912714572978,89.96330540207096
2025-07-14 12:30:00,4,385.57128048852707,31.431876381544722,18.31727804555269,60.9818823981282
2025-07-14 12:31:00,3,403.8152671733367,32.04444905382776,20.745504830836,90.49745539788559
2025-07-14 12:32:00,4,377.96139962544737,30.745276390769646,25.11844102636431,57.277946749364474
2025-07-14 12:33:00,4,406.00057459828383,31.465801848427173,19.94485271305797,65.33721105484965
2025-07-14 12:34:00,1,388.6077590925759,30.46675401732037,23.969068168385668,97.34184872676838
2025-07-14 12:35:00,3,403.52159434110433,31.999411305314915,27.37258405747764,95.5900014855987
2025-07-14 12:36:00,4,388.10573661429817,29.941647222598686,24.53616549947529,66.77747349611053
2025-07-14 12:37:00,3,417.7819668663858,32.36853323114716,21.255820914373626,86.57345969750061
2025-07-14 12:38:00,4,378.37282995685985,31.196380192681687,27.399308218134067,84.44073421555208
2025-07-14 12:39:00,2,402.4210246914649,33.18970051056189,24.662702777334882,43.47478794326725
2025-07-14 12:40:00,3,394.0040707221716,30.114308537753853,25.214783543937486,28.049621281675243
2025-07-14 12:41:00,1,370.52919796625935,31.81392468078243,22.50685060515578,60.498583988091966
2025-07-14 12:42:00,3,390.32991954839724,33.23560366781443,26.337363610402537,45.82849074738557
2025-07-14 12:43:00,2,390.62664182612343,32.635974399783,24.444142595279,57.65411721004723
2025-07-14 12:44:00,2,399.47310641682253,28.61509600497563,24.445730702947138,24.923020912082066
2025-07-14 12:45:00,1,388.5775279770723,30.85236985350393,25.772268086937835,35.32909746948952
2025-07-14 12:46:00,1,376.3528369389735,30.98181634985373,28.04349413743467,56.98960570479596
2025-07-14 12:47:00,4,407.4760461904634,32.31429980093906,24.601384009830475,93.1732705210249
2025-07-14 12:48:00,4,397.5741013393216,31.53712923810118,26.819095321541692,92.88367856389408
2025-07-14 12:49:00,2,400.9024224467931,28.74312038835859,26.324003000516196,77.39420129634337
2025-07-14 12:50:00,3,401.8312695773057,30.825857030444233,24.538884152170805,29.187290524405807
2025-07-14 12:51:00,1,409.87321526228914,29.63919119778552,26.889899058966886,29.45265179370538
2025-07-14 12:52:00,1,399.5502764064802,28.166168582222,24.231955361850805,98.82268311803303
2025-07-14 12:53:00,1,398.49742865398935,31.646646244855962,27.37080782135999,41.988870476847744
2025-07-14 12:54:00,3,397.81013464590876,32.724663799849615,20.909157631722522,59.14446215092673
2025-07-14 12:55:00,4,403.41961497424353,29.229929927673748,23.367123008684985,67.00815881698142
2025-07-14 12:56:00,3,399.31032241343695,30.744670022329995,22.087545309634713,48.547521655721525
2025-07-14 12:57:00,1,391.0936145176152,34.65855248495683,25.09063421062059,53.206997941434196
2025-07-14 12:58:00,1,419.2130411562084,33.59392976343647,19.856421711406995,22.941433519826113
2025-07-14 12:59:00,1,404.20707188320785,30.80604209750534,26.131275716655892,69.03512202223916
2025-07-14 13:00:00,4,405.5073164631108,33.61459672509579,24.27667158314502,27.049917943297963
2025-07-14 13:01:00,1,397.8306780649075,32.797551308550645,27.35494552844917,79.1612392658785
2025-07-14 13:02:00,1,399.20086595541324,34.92757713478289,17.805796914504228,35.199583686979345
2025-07-14 13:03:00,3,391.40314458055025,32.70866427169747,24.79331270871135,59.538723726994206
2025-07-14 13:04:00,4,415.04829826478755,32.0400026501548,22.15632253025474,24.984975920460446
2025-07-14 13:05:00,3,389.29151423512,31.651315800219415,21.030366576953725,34.8503773102845
2025-07-14 13:06:00,4,406.4939244879232,32.81622044678456,27.688426571364477,28.991866097279278
2025-07-14 13:07:00,3,405.62194653926144,33.371298422079654,20.876978852807355,32.21144748027069
2025-07-14 13:08:00,1,390.5908868514766,30.016648230405394,21.330443862993675,97.43179303857075
2025-07-14 13:09:00,2,384.76660364713774,33.510970792103116,28.90254961464191,21.20238543512265
2025-07-14 13:10:00,1,390.80711193248214,30.13042054516184,25.2303127364728,40.21115345276135
2025-07-14 13:11:00,2,411.1784428258249,33.76090204406596,22.36126364194507,42.02372414689484
2025-07-14 13:12:00,1,409.4975638265196,35.48603489662723,24.145285763478373,73.01069414616808
2025-07-14 13:13:00,4,421.23291784489334,35.99557194989926,29.62949702510221,82.99729841010006
2025-07-14 13:14:00,4,393.1079583251759,27.957325541364547,22.927571390759244,55.8504958436803
2025-07-14 13:15:00,3,405.81796747787496,34.003028815912955,25.704960361059353,83.37146923632953
2025-07-14 13:16:00,3,416.145052618181,29.700128450863648,22.778945119108432,37.21747689644445
2025-07-14 13:17:00,4,424.7652823384437,30.985737194834826,25.335570186745752,81.42612375442448
2025-07-14 13:18:00,1,381.7692987069458,33.17606545855649,26.28412368697135,37.572821243354184
2025-07-14 13:19:00,2,396.1050825613023,30.4612828504768,27.911139917712763,73.99807976902773
2025-07-14 13:20:00,4,387.6577027943293,36.08997216774368,24.554616708897296,62.94235292682472
2025-07-14 13:21:00,4,405.8711248625826,32.04172812455892,22.276957681346172,43.325277285824455
2025-07-14 13:22:00,1,398.9646255037746,30.95334538939452,26.69713014444293,85.41699881764676
2025-07-14 13:23:00,2,395.10160771951354,31.60754563441422,27.29811779181279,73.98212367220923
2025-07-14 13:24:00,2,387.776295400983,32.74481741458588,27.199677182594513,91.57318684995916
2025-07-14 13:25:00,2,402.4578927169839,34.05813305054131,25.263338785988033,81.99393655828115
2025-07-14 13:26:00,2,388.3179495339037,32.910466825415114,21.25719138799169,33.4964993917367
2025-07-14 13:27:00,4,396.6641731746407,32.215825873513985,30.753575204772126,56.66365327107013
2025-07-14 13:28:00,1,406.25373259564583,33.98828632405611,24.34765708581819,48.067254505264614
2025-07-14 13:29:00,4,383.4034729064033,34.28634794637643,20.612500401256547,80.51254284846425
2025-07-14 13:30:00,3,400.2039494769646,32.69469612088387,21.44304343417825,40.614320714992196
2025-07-14 13:31:00,1,394.67165781195496,31.42547105379529,24.76832010389998,31.70936301459318
2025-07-14 13:32:00,3,411.4770803681168,32.358288445078415,26.46326428926663,47.94242792022661
2025-07-14 13:33:00,1,410.55430423790847,32.10823911397458,20.211640940407598,29.9336792826713
2025-07-14 13:34:00,3,392.05118165525454,32.117079193218096,19.72676689821764,72.86822447543128
2025-07-14 13:35:00,1,406.8803787716843,31.052738475058824,22.964038718914626,25.49516644323812
2025-07-14 13:36:00,2,392.45235450257655,31.410964200840137,21.44788703163418,65.33315719051576
2025-07-14 13:37:00,3,411.74440455559716,31.532675274355036,23.05872260062872,87.72178663451227
2025-07-14 13:38:00,1,399.8604645763042,36.97579067041233,26.67100772466459,83.87096161932627
2025-07-14 13:39:00,3,390.1698134884495,32.11733809777318,28.036512797394245,23.747571629439108
2025-07-14 13:40:00,3,407.1001002694244,36.75616303113114,22.122034470144516,54.369353957364865
2025-07-14 13:41:00,3,388.95722100525546,30.159377997484913,27.4355002309749,39.99917832910067
2025-07-14 13:42:00,2,379.92050285827054,33.20657502181362,25.84177341692015,66.25608922782854
2025-07-14 13:43:00,2,402.41830608697,36.73953192454846,28.37199678557555,81.64695643333751
2025-07-14 13:44:00,4,409.8437976856176,28.251289810593025,27.690201114545694,78.91255568083126
2025-07-14 13:45:00,2,401.9621000568849,31.400877339638573,25.194677084074097,61.28216851551606
2025-07-14 13:46:00,4,406.21033670194305,32.07896608233672,25.580504493838344,59.725996095632
2025-07-14 13:47:00,1,391.2110215344237,31.916182493170187,22.862192056771526,75.17455242612449
2025-07-14 13:48:00,1,392.91344280594194,32.731106765411624,21.381206538127714,49.9329579938028
2025-07-14 13:49:00,3,399.04640792495985,30.796259203694238,27.190333970486293,54.87912539401325
2025-07-14 13:50:00,3,386.06648342110805,34.12720540391956,21.775398509118176,98.93419147644285
2025-07-14 13:51:00,3,400.68773297965964,31.79011671848295,22.176748920834974,41.95002697545792
2025-07-14 13:52:00,4,402.8867341338581,31.48870777052537,25.466131140317326,50.44802613141232
2025-07-14 13:53:00,3,400.6704372117674,31.790023158292996,25.841745651157225,34.551702041529325
2025-07-14 13:54:00,1,406.0594715898139,30.19201434495383,25.532409517824448,72.66122071073764
2025-07-14 13:55:00,2,397.85103922120965,37.188070271036935,26.852628322280502,75.36156005926864
2025-07-14 13:56:00,2,397.0080021424126,29.543613101872445,21.340656460504583,75.36704192266893
2025-07-14 13:57:00,3,408.1839318711665,33.512053147738534,24.800544540743754,84.71796013658006
2025-07-14 13:58:00,2,395.6572025957809,30.141269106175255,27.377692940083538,69.24763244415114
2025-07-14 13:59:00,4,389.64894183444204,35.023783045891136,21.32711129189089,22.540305349917826
2025-07-14 14:00:00,3,397.5779970457677,34.592335423155696,26.26675296349773,68.3353334044119
2025-07-14 14:01:00,4,387.6270297565009,31.682816952133155,20.08844150927543,77.18896420999708
2025-07-14 14:02:00,4,392.1406134389965,28.635397306243817,22.927470052921123,72.40244192761544
2025-07-14 14:03:00,3,411.8661652201842,30.2564405967298,29.757574970430497,92.60701755952621
2025-07-14 14:04:00,4,394.2815452034415,31.556804247887815,27.495255374569535,30.785705347921883
2025-07-14 14:05:00,3,422.4857083715791,33.19080501902071,23.07437362910119,92.18884381493851
2025-07-14 14:06:00,1,407.16255906760006,31.55443016887916,19.91312271817791,68.38172618523983
2025-07-14 14:07:00,4,399.97005158438907,28.818810414305894,21.878645918926786,86.91810920915839
2025-07-14 14:08:00,1,399.9197625435243,31.7609983406356,25.729978011986226,51.23819090080027
2025-07-14 14:09:00,3,405.88396711431545,34.581161100425234,27.496267681294785,20.908082008348757
2025-07-14 14:10:00,4,409.04720132128216,32.16328863066551,22.58429529347174,74.7448142700575
2025-07-14 14:11:00,2,390.268363667937,34.80700388417128,27.72041438614585,31.686604399591374
2025-07-14 14:12:00,2,399.15069306247,32.724553716638276,25.387211948359404,23.95210166369796
2025-07-14 14:13:00,2,398.5422629047911,26.51936130065623,32.9251477090915,99.34969939864582
2025-07-14 14:14:00,2,404.6252402828758,33.550884292246074,23.506346280013467,71.11848871128427
2025-07-14 14:15:00,4,404.46346644460135,30.240783631069938,28.422359453865727,72.98002758653328
2025-07-14 14:16:00,3,393.71501642804617,31.567215639864777,27.816489101684176,91.8994114892111
2025-07-14 14:17:00,2,400.0522950180089,31.27959093018874,25.0893873773404,28.21674158540229
2025-07-14 14:18:00,3,390.3696359745311,31.379372472141288,30.405751441068844,86.20981863875083
2025-07-14 14:19:00,3,401.8827627560546,30.06402013131311,23.72290688039546,69.64868776893587
2025-07-14 14:20:00,3,401.01505643204985,33.43398681331092,23.09745856924153,42.79666239369448
2025-07-14 14:21:00,4,397.74101162107735,28.887779253544597,21.949080605252586,57.62548242672623
2025-07-14 14:22:00,4,394.08241574098383,31.79466837206669,23.76881163539496,93.05722370421896
2025-07-14 14:23:00,3,384.595832065393,30.774816291295288,26.14604487281227,42.08355577392358
2025-07-14 14:24:00,4,394.1451935579161,30.421158600544697,23.15661059596339,33.53649833549642
2025-07-14 14:25:00,2,391.4716210127732,30.695939302237555,27.668328553316037,65.34552364638202
2025-07-14 14:26:00,1,402.91884833398615,32.00880708834783,23.12294558347329,69.3287964889416
2025-07-14 14:27:00,2,386.22331706539114,33.34219288334714,24.152157380184804,60.47773627095614
2025-07-14 14:28:00,4,395.78140043259805,31.976119140381634,18.95310762230205,23.223751650574087
2025-07-14 14:29:00,4,403.0521798940251,33.011644391570066,33.474934928552315,94.92750426339927
2025-07-14 14:30:00,1,411.73557865145267,36.90738672657382,21.891623282016493,77.9500440035099
2025-07-14 14:31:00,4,409.33434789360035,31.418344439736867,27.57046726345716,79.03205240240779
2025-07-14 14:32:00,1,402.44727749508115,32.55547661961303,23.876622350420398,71.79099188227204
2025-07-14 14:33:00,2,388.1455478318457,31.906313216317614,25.11507236090955,68.19255418289195
2025-07-14 14:34:00,3,400.2275181250251,32.702904327592755,23.314300748890886,22.4675562550961
2025-07-14 14:35:00,3,394.1605325203102,31.983242969663777,23.78008607233744,60.88539239505601
2025-07-14 14:36:00,3,414.2572756423988,34.666187705338416,26.37745540394493,56.53076843427361
2025-07-14 14:37:00,4,403.5950146480968,32.97166520668975,27.29480296020363,68.44154529117546
2025-07-14 14:38:00,3,400.37416462937836,29.66665871073917,22.620892830911355,63.94480102262332
2025-07-14 14:39:00,1,403.46877568242434,30.010361826101366,29.95752401197139,57.41881581927817
2025-07-14 14:40:00,2,395.5149473205722,32.899341803057986,17.579091499411582,51.10432905035344
2025-07-14 14:41:00,1,394.5802235367952,33.17133959934211,23.304007343875792,79.05431897876926
2025-07-14 14:42:00,4,402.58664058000574,33.43067376458926,24.390745442929862,48.79730923994785
2025-07-14 14:43:00,1,401.14576534342336,32.662559818245164,24.323874304445358,60.29740101818597
2025-07-14 14:44:00,4,408.57151846275076,31.857782780059697,23.216230518016136,62.68056126816808
2025-07-14 14:45:00,2,400.89322723483235,30.59843579142071,27.763591766061463,43.630542434356855
2025-07-14 14:46:00,2,400.20628195183184,33.38439558399248,27.859244169452786,23.297256592292896
2025-07-14 14:47:00,4,388.00405599788905,33.202300846229164,25.118689778085386,31.554441260690105
2025-07-14 14:48:00,2,392.6929068244309,34.53969869433028,22.197476584586916,81.23531329839003
2025-07-14 14:49:00,1,421.2674434285432,29.806396365740735,26.09891269312418,75.79746257604626
2025-07-14 14:50:00,3,389.66436650907974,34.79385600922131,28.842156802782828,82.78393373866619
2025-07-14 14:51:00,1,401.7615906232856,32.40597951078658,27.282945678625932,80.90468020265214
2025-07-14 14:52:00,3,398.3695163078002,33.62736302408305,23.501532353909536,95.80288814810734
2025-07-14 14:53:00,2,413.8765108562061,37.55612863899436,24.319981805676157,32.52578544043142
2025-07-14 14:54:00,2,407.2899608269022,30.385761749122132,19.85960086283102,38.76395657442544
2025-07-14 14:55:00,1,405.65631158906984,32.29011297315434,24.845967735047527,93.79722804432238
2025-07-14 14:56:00,1,393.8508513144255,34.4057918457903,32.536412265642156,21.46564796757091
2025-07-14 14:57:00,1,377.50217817271243,29.491576513641046,25.17027744021186,30.369316272845374
2025-07-14 14:58:00,2,391.3449171722735,32.58828495977608,26.800991607455245,92.3595291200502
2025-07-14 14:59:00,3,415.55885754483717,32.53749196693987,19.99617725512664,48.4388558087642
2025-07-14 15:00:00,2,396.77055153588975,30.365039389676618,29.656661728920472,85.79849962037522
2025-07-14 15:01:00,1,413.9325791171003,29.247507553061595,28.68734666925329,64.73098729808993
2025-07-14 15:02:00,3,406.81058299001114,29.600305176844735,25.642590059122018,68.2915619042854
2025-07-14 15:03:00,2,404.73674019293094,30.516643313561655,29.574364916876775,22.160174233389238
2025-07-14 15:04:00,2,395.3263076509385,32.1182476773055,24.991296785863813,80.03591829197468
2025-07-14 15:05:00,1,386.74819218531167,31.570442176250484,23.98797342152316,44.338439593806186
2025-07-14 15:06:00,3,415.3274442025794,32.77579117558934,27.787630546942687,84.91282144822418
2025-07-14 15:07:00,1,412.78450592974656,31.894797415552013,27.74990651519634,36.25633173765834
2025-07-14 15:08:00,3,412.2595215761527,33.863815755158164,20.900348876773634,26.733834791828166
2025-07-14 15:09:00,2,399.3662939245354,33.378784880742735,21.771804319325742,39.44652904341172
2025-07-14 15:10:00,1,397.7015598844711,32.978196828101105,19.6621667641621,96.34255760088418
2025-07-14 15:11:00,3,410.3716132412461,30.824346038023602,22.117445118602305,62.0835297800881
2025-07-14 15:12:00,1,403.4012825377566,28.344540086127992,24.61686938352644,72.5612849496359
2025-07-14 15:13:00,2,394.9688235959316,28.956749363768253,18.572242010390703,38.587080450504
2025-07-14 15:14:00,3,404.7636533837513,35.083908346403895,22.884162516897426,96.95857323974363
2025-07-14 15:15:00,4,399.31205271797705,31.585062692247707,25.35315278678924,42.942690300086774
2025-07-14 15:16:00,3,393.8292734762998,29.482151452736186,23.49814705378218,26.8923473843612
2025-07-14 15:17:00,3,394.5280575514085,32.86873671969561,27.06360310601094,62.39290406446162
2025-07-14 15:18:00,4,408.5682562365446,35.71167631757497,24.26395024974399,38.10100836127725
2025-07-14 15:19:00,2,403.8878652870198,32.4606843652707,19.63752036783511,33.26079343419681
2025-07-14 15:20:00,1,411.9973142061686,34.106059298397035,22.55721637139272,75.01219377516247
2025-07-14 15:21:00,3,417.42109262319724,33.74882296241802,24.53892950575527,79.43851964404917
2025-07-14 15:22:00,4,398.85162606094104,32.47863421634761,32.11874536571601,73.98886706755324
2025-07-14 15:23:00,3,394.3947965656603,36.14324383515775,25.20416819737583,78.17357895398818
2025-07-14 15:24:00,2,402.6824349908958,30.912242750986604,24.86370800654539,60.2196689685512
2025-07-14 15:25:00,1,382.0689305906768,30.317851754354482,29.06254576454228,42.283189823626046
2025-07-14 15:26:00,2,405.92321615871265,31.07354998306715,24.14631748187969,75.8104987921439
2025-07-14 15:27:00,4,410.37231970364866,29.64196624020986,24.578946406594856,38.34204789663822
2025-07-14 15:28:00,3,403.3915466732785,32.044665878633516,27.345065580186024,20.907421314314767
2025-07-14 15:29:00,4,404.75993553025893,33.82907725530512,26.06035764809293,56.39863406159325
2025-07-14 15:30:00,1,402.7286888722385,34.078730532120886,26.26421742855066,68.18585526679485
2025-07-14 15:31:00,4,422.1811455929744,36.08938319217952,24.227303216474247,37.92250887091604
2025-07-14 15:32:00,4,392.3856552919791,33.1206310983456,22.5785638460741,75.41102809235953
2025-07-14 15:33:00,1,392.0034860411926,31.418997995498774,32.0319326900234,99.07119053163959
2025-07-14 15:34:00,2,402.02198301133956,33.11906498033971,24.89457421917111,96.10600920472723
2025-07-14 15:35:00,4,398.05769662611215,34.517587938117636,26.605074962177273,43.50648426223238
2025-07-14 15:36:00,1,401.5580349901722,31.84221531794581,30.905162602775906,77.4265418586618
2025-07-14 15:37:00,2,416.24261709609243,31.12998684989609,25.52305653656846,22.24962702958163
2025-07-14 15:38:00,3,396.04743202772966,33.012552240241334,18.50682071600909,90.7769078204916
2025-07-14 15:39:00,1,385.91880462474177,31.67792722902509,21.945352394469236,29.651924289940467
2025-07-14 15:40:00,4,408.983633736096,29.20985874768601,28.44414817908324,41.235050878071064
2025-07-14 15:41:00,3,407.91455630234816,29.182240708846003,24.22710691556246,68.14158355152098
2025-07-14 15:42:00,3,397.3283741069984,30.910686088097723,21.910359194687054,62.52679802711634
2025-07-14 15:43:00,3,383.2283024125779,31.690902992859584,22.64301699229683,52.378031658920975
2025-07-14 15:44:00,4,397.1932721275151,33.08270126216146,24.77696454559198,64.32844074539379
2025-07-14 15:45:00,3,397.64385557965176,29.765290439877127,30.386127724353393,75.60122493571961
2025-07-14 15:46:00,1,416.70127417980177,32.912607579197996,19.475802787795423,45.48126828573869
2025-07-14 15:47:00,2,386.35247501834,32.87624099294793,20.95889277183639,98.36909991735295
2025-07-14 15:48:00,1,407.4298208359556,31.880506507563197,23.627389328369397,21.738688943018822
2025-07-14 15:49:00,2,392.27011481040597,31.586579266443348,19.37336764279209,60.95387186409872
2025-07-14 15:50:00,3,408.7411148215416,31.284736518290465,24.67863076808917,83.70779867441343
2025-07-14 15:51:00,1,408.2756486345654,27.320144470034528,26.30230249174333,35.87528823961289
2025-07-14 15:52:00,4,385.0241909026758,32.01302453482232,30.576042413576538,73.39201626959215
2025-07-14 15:53:00,1,399.4507292010164,30.350911972891033,24.50502856141196,51.98084758361445
2025-07-14 15:54:00,4,417.1399127709155,32.84461625730606,27.754781573059198,66.57466936650016
2025-07-14 15:55:00,1,393.0506007773786,34.38956507267206,24.973800699927878,69.0849913919734
2025-07-14 15:56:00,3,396.4719423951966,29.87547692072934,29.10644581815071,48.77985357658906
2025-07-14 15:57:00,3,394.5509474511085,34.581331118618245,19.21804319733565,78.53817704841325
2025-07-14 15:58:00,1,400.33669218875247,37.67098748486054,28.278374088152997,38.35209536249018
2025-07-14 15:59:00,3,390.9554884835476,32.2055380063423,21.682145600358666,51.62195216765342
2025-07-14 16:00:00,1,424.7447856159875,33.36747733800581,22.986168117906033,73.80215586668632
2025-07-14 16:01:00,3,394.4818509718512,30.76629783797601,26.53801527334025,90.00886668601925
2025-07-14 16:02:00,2,402.8257067143053,28.89257226234464,25.335324298433484,23.75646414757299
2025-07-14 16:03:00,1,388.86934891308516,31.892119232502605,22.300034491283284,33.25906049885043
2025-07-14 16:04:00,3,402.32046791442195,30.43499927501039,19.9360712067379,62.87078356803775
2025-07-14 16:05:00,3,396.9860101021302,33.508485684900684,25.598752216554914,27.130715190098673
2025-07-14 16:06:00,3,374.8352552725925,29.57205556941702,23.8578469876413,58.23042948702234
2025-07-14 16:07:00,4,403.4973144031572,30.740542971430457,25.13617025323399,74.0030622588892
2025-07-14 16:08:00,3,401.280546415739,30.07973197230873,24.147373207351848,94.59385708120894
2025-07-14 16:09:00,3,409.2148921613877,29.691081652546053,26.85185837183779,68.1004336480127
2025-07-14 16:10:00,1,396.82168430453726,34.45720657037807,30.836696200615158,62.327474455464056
2025-07-14 16:11:00,3,394.13214347657026,30.49645022385685,22.71784244621451,72.87198771028835
2025-07-14 16:12:00,3,397.3227988087113,32.832703210278694,21.26259216411394,56.01981154721347
2025-07-14 16:13:00,3,387.21848546820104,32.2612440142986,22.90140858098274,93.14154944751502
2025-07-14 16:14:00,2,406.77850478387955,34.271055302697995,24.188150682491912,57.904637903877244
2025-07-14 16:15:00,3,382.83918720305286,29.71600555317599,25.90393362073512,43.80627865704956
2025-07-14 16:16:00,1,398.4246901245847,32.64895177479652,25.45636391961142,25.663420989451843
2025-07-14 16:17:00,4,388.33747469416187,31.272388360767927,27.205672555440053,63.89584979007424
2025-07-14 16:18:00,3,393.2537192975134,28.83318717999634,24.607749494519584,69.28615245912837
2025-07-14 16:19:00,3,408.8917370644672,31.612503066742214,28.896583587304235,56.820826023568216
2025-07-14 16:20:00,4,402.6223839622795,31.250102872047243,28.560612329057484,57.97900881729852
2025-07-14 16:21:00,2,383.50414047487266,32.494103285271095,22.82854631518518,97.6335128517755
2025-07-14 16:22:00,4,393.687058006254,32.46083195865976,27.11608377723131,50.93265487878022
2025-07-14 16:23:00,4,402.246040110884,31.080037030530065,32.961323497086966,63.83063718060601
2025-07-14 16:24:00,1,416.2544101647388,32.73723680521078,25.030401145066275,26.64598524717504
2025-07-14 16:25:00,4,410.6289896057242,34.06924285780753,27.9963349627749,59.617584858567916
2025-07-14 16:26:00,1,395.94818673850864,34.02255503000912,23.79809946181876,22.21878229114718
2025-07-14 16:27:00,4,400.69294680036285,34.33676316471889,28.550751096855954,45.70287237396143
2025-07-14 16:28:00,3,388.7591587050086,31.699927043901834,24.293070382129212,29.89580191605117
2025-07-14 16:29:00,3,421.4918987940222,29.64096977637672,27.52586596240142,30.427212061085662
2025-07-14 16:30:00,3,398.69191738268415,28.10887865407613,25.18983845236283,42.760599359507694
2025-07-14 16:31:00,3,391.883566152922,36.82821456102589,23.025071287135056,49.95652406313704
2025-07-14 16:32:00,3,400.5872481663237,31.584792948796192,21.36037550025648,42.12302087052422
2025-07-14 16:33:00,1,402.1404911254419,29.530340645881893,16.057538033202007,27.301080184010836
2025-07-14 16:34:00,4,397.9390470812468,30.068050051424436,24.00132738456544,55.21083466749563
2025-07-14 16:35:00,2,402.15825995322433,29.565907036202045,26.485041500561405,99.28551833299699
2025-07-14 16:36:00,1,415.8913631753785,33.35096024722014,22.66325010803463,73.16532361041199
2025-07-14 16:37:00,4,382.9705986606441,29.020208987920324,25.31816276163753,48.77435870340514
2025-07-14 16:38:00,4,388.15233758087527,33.04564668124816,25.65758911255911,97.85314049474367
2025-07-14 16:39:00,2,398.4625140401038,30.17993398483225,29.090025903745392,27.83713088619951
