timestamp,kwh_per_hour,kwh_pred,anomaly
2025-07-14 00:00:00,-0.20847212392621944,-0.25893934202888225,-1
2025-07-14 00:01:00,-0.5468031067197701,-0.4859241797246689,-1
2025-07-14 00:02:00,0.07890651223094863,0.06319859949870589,1
2025-07-14 00:03:00,0.32564850538838075,0.16426067305696243,1
2025-07-14 00:04:00,0.12801434240858248,0.11182088764492794,1
2025-07-14 00:05:00,-0.39883605676973194,-0.4859241797246689,1
2025-07-14 00:06:00,-0.12838210404038536,-0.11734800996281912,-1
2025-07-14 00:07:00,-0.017542939379004724,-0.09058393133780818,1
2025-07-14 00:08:00,-0.420166812804622,-0.2549743253814844,1
2025-07-14 00:09:00,0.048869650158975556,-0.07376629295207034,1
2025-07-14 00:10:00,-0.7516196760818622,-0.5969536638223012,1
2025-07-14 00:11:00,-0.12039171754657046,-0.03641321010158497,1
2025-07-14 00:12:00,-0.04405720104927403,-0.07235172997157778,1
2025-07-14 00:13:00,-0.8520976854087723,-0.6096198490499538,1
2025-07-14 00:14:00,0.0998815869671586,0.3154572905901833,1
2025-07-14 00:15:00,-0.8603788178872795,-0.7107769385530749,1
2025-07-14 00:16:00,-0.11852790392874216,0.03828518616182421,1
2025-07-14 00:17:00,0.2847119438625499,0.21894311753584075,1
2025-07-14 00:18:00,-0.3034236472265073,-0.2215534117708153,1
2025-07-14 00:19:00,-0.17113205373733306,0.06113786742085848,1
2025-07-14 00:20:00,0.5150910033734505,0.41378752555650566,1
2025-07-14 00:21:00,0.5207464024171158,0.691970076965839,1
2025-07-14 00:22:00,-0.0013806980255492065,-0.0322900878117101,1
2025-07-14 00:23:00,-0.11954402477964021,0.08866996775088566,1
2025-07-14 00:24:00,0.028583626563244896,0.11908412183875353,1
2025-07-14 00:25:00,0.11921863527851059,0.13821507951949238,1
2025-07-14 00:26:00,-0.7034317660057288,-0.6268064516734337,1
2025-07-14 00:27:00,0.5900826427056919,0.6655447446243753,1
2025-07-14 00:28:00,-0.5736644007805256,-0.4859241797246689,1
2025-07-14 00:29:00,0.3716936618893203,0.3308380193879228,1
2025-07-14 00:30:00,-0.1033029053776868,0.06113786742085848,1
2025-07-14 00:31:00,0.8519829900386353,0.5607770965424281,1
2025-07-14 00:32:00,0.3942009925089638,0.30868802733454703,1
2025-07-14 00:33:00,0.0034212121271783857,0.11877953829401573,1
2025-07-14 00:34:00,0.14656677298070284,0.07224829302296142,1
2025-07-14 00:35:00,-1.1414518908366271,-1.1767373066098723,1
2025-07-14 00:36:00,-0.07024954288289376,-0.12689842143571103,1
2025-07-14 00:37:00,-0.7392352972278249,-0.6268064516734337,1
2025-07-14 00:38:00,-0.5400338042749776,-0.3855293992278184,1
2025-07-14 00:39:00,-0.5521517604197892,-0.49914422556705507,1
2025-07-14 00:40:00,0.34265006131795045,0.2386383043572322,1
2025-07-14 00:41:00,0.09354892173567536,0.09510097428199568,1
2025-07-14 00:42:00,0.061933275020565594,-0.008549323739334888,1
2025-07-14 00:43:00,-0.0038988882297975383,0.07136021020962044,1
2025-07-14 00:44:00,-0.08818755362468653,0.12461856381736232,1
2025-07-14 00:45:00,-0.4836925203335969,-0.4859241797246689,1
2025-07-14 00:46:00,-0.1304587299327737,-0.09058393133780818,1
2025-07-14 00:47:00,1.1541708539062097,0.8995542982779625,1
2025-07-14 00:48:00,0.005997496353221332,-0.01959557171584713,1
2025-07-14 00:49:00,-0.9043323317873782,-0.7107769385530749,1
2025-07-14 00:50:00,-0.5295280850642876,-0.5589291475998853,1
2025-07-14 00:51:00,0.011088872435346217,0.09045778162651891,1
2025-07-14 00:52:00,0.11160392694166571,0.1319519248335568,1
2025-07-14 00:53:00,0.013358425615201827,-0.0322900878117101,1
2025-07-14 00:54:00,-0.4864605739015395,-0.5322871907649449,1
2025-07-14 00:55:00,0.6609548706226077,0.5836057075434016,1
2025-07-14 00:56:00,0.39940046949049557,0.41439851561341023,1
2025-07-14 00:57:00,-0.6733055644390473,-0.6268064516734337,1
2025-07-14 00:58:00,-0.10700916654293571,-0.12689842143571103,1
2025-07-14 00:59:00,0.3273149673683482,0.2386383043572322,1
2025-07-14 01:00:00,-0.09865982652978485,0.06113786742085848,1
2025-07-14 01:01:00,-0.35793950959941434,-0.28094948455715535,1
2025-07-14 01:02:00,-0.06958930213964631,0.1694428866400284,1
2025-07-14 01:03:00,0.29521029267528576,0.46211994821696845,1
2025-07-14 01:04:00,-0.5830553175821502,-0.6078181104086257,1
2025-07-14 01:05:00,0.4007827319812041,0.14733265363129633,1
2025-07-14 01:06:00,-0.027522314577392792,-0.07235172997157778,1
2025-07-14 01:07:00,0.6440913672024658,0.5835716561060859,1
2025-07-14 01:08:00,0.8866413647018937,0.8758263227198414,1
2025-07-14 01:09:00,0.0279672801729568,0.11877953829401573,1
2025-07-14 01:10:00,-0.6656696809551269,-0.6884985873416956,1
2025-07-14 01:11:00,0.07652657727648099,-0.002450103240447768,1
2025-07-14 01:12:00,-0.33426584683376853,-0.3686472087248264,1
2025-07-14 01:13:00,1.1016124153224782,0.9496954869315096,1
2025-07-14 01:14:00,-0.6671918337099415,-0.4083824595004116,1
2025-07-14 01:15:00,0.14784884277433488,0.06319859949870589,1
2025-07-14 01:16:00,-0.4181357258467935,-0.4859241797246689,1
2025-07-14 01:17:00,-0.18762781936989545,-0.21223922479622345,1
2025-07-14 01:18:00,0.49670343985056886,0.529752342191718,1
2025-07-14 01:19:00,0.256403305428926,0.3473460643292788,1
2025-07-14 01:20:00,0.15583376916288588,0.2402610023945348,1
2025-07-14 01:21:00,-0.19660926256145939,-0.2554538029383816,1
2025-07-14 01:22:00,0.5793767412865819,0.4396068072751789,1
2025-07-14 01:23:00,0.09332710890946415,0.11182088764492794,1
2025-07-14 01:24:00,0.5114043735066941,0.6850562639358668,1
2025-07-14 01:25:00,-0.015476824828684482,0.10158895176335526,1
2025-07-14 01:26:00,-0.029664887608462337,-0.09058393133780818,1
2025-07-14 01:27:00,0.4895025048951155,0.41378752555650566,1
2025-07-14 01:28:00,-0.6703745051433436,-0.6268064516734337,1
2025-07-14 01:29:00,-0.1506814090810485,-0.21223922479622345,1
2025-07-14 01:30:00,0.5188504287264831,0.691970076965839,1
2025-07-14 01:31:00,-0.02561367106955631,-0.09058393133780818,1
2025-07-14 01:32:00,-0.3304396647673168,-0.27466682914399115,1
2025-07-14 01:33:00,-0.13810235597227039,-0.09058393133780818,1
2025-07-14 01:34:00,-0.8173221889899909,-0.728305902536267,1
2025-07-14 01:35:00,-0.5630308554190429,-0.4681673815332417,1
2025-07-14 01:36:00,-0.21500141623280888,-0.24167034701605247,1
2025-07-14 01:37:00,0.07237504283544319,0.09045778162651891,1
2025-07-14 01:38:00,0.05646589277897515,0.0440660976828248,1
2025-07-14 01:39:00,-0.8406999615353893,-0.7107769385530749,1
2025-07-14 01:40:00,-0.1297785322069216,0.08972801474049745,1
2025-07-14 01:41:00,0.2468142741439928,0.3308380193879228,1
2025-07-14 01:42:00,0.8434215012244584,1.0243044301287876,1
2025-07-14 01:43:00,-0.5317531951901445,-0.4859241797246689,1
2025-07-14 01:44:00,0.3693345537619284,0.34322329934813756,1
2025-07-14 01:45:00,0.5944694041281651,0.5548205421537942,1
2025-07-14 01:46:00,0.6625819910363356,0.4481669622958991,1
2025-07-14 01:47:00,-0.09949638645391345,-0.12689842143571103,1
2025-07-14 01:48:00,0.3791151783459078,0.32671525440678156,1
2025-07-14 01:49:00,0.4010190223179367,0.32671525440678156,1
2025-07-14 01:50:00,-0.51241297783443,-0.3855293992278184,1
2025-07-14 01:51:00,-0.20497937864736618,-0.21223922479622345,1
2025-07-14 01:52:00,-0.017725351920281893,-0.07376629295207034,1
2025-07-14 01:53:00,0.5518781932962016,0.20343087410896188,1
2025-07-14 01:54:00,-0.35856182097898215,-0.2821869242907961,1
2025-07-14 01:55:00,-0.36594557033959774,-0.3489547049623197,1
2025-07-14 01:56:00,0.32704870467912134,0.3308380193879228,1
2025-07-14 01:57:00,-0.07444503764274402,0.06113786742085848,1
2025-07-14 01:58:00,0.29851596609941977,0.10541093540126943,1
2025-07-14 01:59:00,0.11863878424442705,0.09540349809584793,1
2025-07-14 02:00:00,0.898517143150181,0.9583900716922925,1
2025-07-14 02:01:00,-1.1111239660985524,-1.2370975397333337,1
2025-07-14 02:02:00,0.2632865626210093,0.10541093540126943,1
2025-07-14 02:03:00,-0.3560156157647556,-0.23424936732449653,1
2025-07-14 02:04:00,0.7124224572721497,0.6098868368248175,1
2025-07-14 02:05:00,1.3480528300794596,0.8995542982779625,1
2025-07-14 02:06:00,0.7969042039726393,1.0243044301287876,-1
2025-07-14 02:07:00,-0.9505063503736725,-1.011897906140718,1
2025-07-14 02:08:00,0.24483573213858995,0.24486387842790092,1
2025-07-14 02:09:00,-0.438987942621201,-0.4681673815332417,1
2025-07-14 02:10:00,-0.2667650759017617,-0.06369372432406581,1
2025-07-14 02:11:00,-0.20645128016991243,-0.21223922479622345,1
2025-07-14 02:12:00,-0.17897310536075078,-0.09058393133780818,1
2025-07-14 02:13:00,0.11567286911713348,0.10541093540126943,1
2025-07-14 02:14:00,0.37720426796282525,0.5045440505299494,1
2025-07-14 02:15:00,0.05338379929541831,-0.07376629295207034,1
2025-07-14 02:16:00,-0.16273100099457585,0.06113786742085848,1
2025-07-14 02:17:00,-0.6519345084653961,-0.6949992357923883,1
2025-07-14 02:18:00,-0.04015431461613361,-0.12689842143571103,1
2025-07-14 02:19:00,0.2304898495121394,0.3126461129201528,1
2025-07-14 02:20:00,-0.5518817887956327,-0.4859241797246689,1
2025-07-14 02:21:00,0.16845160170296508,0.09510097428199568,1
2025-07-14 02:22:00,-0.3913826516826163,-0.1491679940031781,1
2025-07-14 02:23:00,0.018909580581807084,0.07136021020962044,1
2025-07-14 02:24:00,-0.594702705697349,-0.6003033723718066,1
2025-07-14 02:25:00,0.5048041234761532,0.43029557049786166,1
2025-07-14 02:26:00,-0.3111223392932644,-0.20125288519655785,1
2025-07-14 02:27:00,-0.29929555312666745,-0.16493839509865502,1
2025-07-14 02:28:00,0.17868363808674398,0.09473377011392957,1
2025-07-14 02:29:00,0.1901879768374145,0.09019238362148731,1
2025-07-14 02:30:00,0.09262839857135938,0.09660233586514581,1
2025-07-14 02:31:00,-0.05982959119391483,-0.12689842143571103,1
2025-07-14 02:32:00,0.3231853379912357,0.25392664436918594,1
2025-07-14 02:33:00,0.42618255509116376,0.3308380193879228,1
2025-07-14 02:34:00,-0.013313439859065926,-0.07235172997157778,1
2025-07-14 02:35:00,-0.38764422887984595,-0.28094948455715535,1
2025-07-14 02:36:00,0.5606900037670495,0.25392664436918594,1
2025-07-14 02:37:00,0.28702800329978373,0.1305019972801581,1
2025-07-14 02:38:00,-0.6990757441164402,-0.6268064516734337,1
2025-07-14 02:39:00,0.8585088264441295,0.7882559890423644,1
2025-07-14 02:40:00,-0.337769418306693,-0.23424936732449653,1
2025-07-14 02:41:00,0.6056175616219731,0.6442310137835381,1
2025-07-14 02:42:00,0.4931675196767974,0.39789047067205424,1
2025-07-14 02:43:00,-0.6323417732421918,-0.42613925769183875,1
2025-07-14 02:44:00,0.26571831977032095,0.10541093540126943,1
2025-07-14 02:45:00,0.003572580937173178,-0.07235172997157778,1
2025-07-14 02:46:00,-0.3760351556075079,-0.4859241797246689,1
2025-07-14 02:47:00,0.7138193733566218,0.5418856038060769,1
2025-07-14 02:48:00,-0.2358475734273995,-0.21223922479622345,1
2025-07-14 02:49:00,-0.6340028271693465,-0.5538014837982176,1
2025-07-14 02:50:00,-0.594027184388261,-0.4859241797246689,1
2025-07-14 02:51:00,0.04385028739750085,0.1309518453256668,1
2025-07-14 02:52:00,0.7660668548326096,0.865984191281222,1
2025-07-14 02:53:00,-0.7847905637229371,-1.0156333800977226,1
2025-07-14 02:54:00,-0.052737310179407394,-0.09058393133780818,1
2025-07-14 02:55:00,0.7588869849304813,0.6098868368248175,1
2025-07-14 02:56:00,-0.5405798419175233,-0.5589291475998853,1
2025-07-14 02:57:00,-0.07377263925619132,-0.271290734310231,1
2025-07-14 02:58:00,0.278787933569211,0.3308380193879228,1
2025-07-14 02:59:00,1.3210552933235524,0.8995542982779625,1
2025-07-14 03:00:00,-0.15238618717591068,-0.2554538029383816,1
2025-07-14 03:01:00,-0.45455213400754224,-0.4595618199959009,1
2025-07-14 03:02:00,-0.20409322313871542,0.06113786742085848,1
2025-07-14 03:03:00,0.4082285573717143,0.3308380193879228,1
2025-07-14 03:04:00,0.14790360093613292,0.125641176326594,1
2025-07-14 03:05:00,0.15349002367025744,-0.002450103240447768,1
2025-07-14 03:06:00,0.19302083960869443,0.10541093540126943,1
2025-07-14 03:07:00,0.6922267207672248,0.6140842887490506,1
2025-07-14 03:08:00,-0.00828702488007324,0.16998392625637235,1
2025-07-14 03:09:00,-0.2502179967737909,-0.09058393133780818,1
2025-07-14 03:10:00,-0.26409249424227904,-0.2861587108752072,1
2025-07-14 03:11:00,0.5558023394754719,0.41378752555650566,1
2025-07-14 03:12:00,0.6794634105883541,0.6098868368248175,1
2025-07-14 03:13:00,0.02070649267995156,0.13399809007379787,1
2025-07-14 03:14:00,-0.05915574267820969,-0.12689842143571103,1
2025-07-14 03:15:00,-0.15545414604812063,-0.24433985039067366,1
2025-07-14 03:16:00,-0.03853960894846148,0.10727683990402108,1
2025-07-14 03:17:00,0.7256586137893397,0.6098868368248175,1
2025-07-14 03:18:00,0.741747434621573,0.6140842887490506,1
2025-07-14 03:19:00,-0.1191166976882202,0.06113786742085848,1
2025-07-14 03:20:00,0.26360983691024664,0.10064882725950136,1
2025-07-14 03:21:00,0.46897494889043523,0.41378752555650566,1
2025-07-14 03:22:00,0.32678822416467124,0.11891994595423296,1
2025-07-14 03:23:00,-0.12798479288724482,-0.14034699757605,1
2025-07-14 03:24:00,-0.2273700473141226,0.11788938601181222,1
2025-07-14 03:25:00,-0.8682945560874724,-0.728305902536267,1
2025-07-14 03:26:00,-0.20508446685888032,-0.2554538029383816,1
2025-07-14 03:27:00,-0.17340350540526905,-0.18685365817462235,1
2025-07-14 03:28:00,0.3869355672845795,0.3308380193879228,1
2025-07-14 03:29:00,1.2447650882764825,0.7113797213576628,1
2025-07-14 03:30:00,-0.07523245179887549,-0.09058393133780818,1
2025-07-14 03:31:00,-0.024466277241679574,-0.12689842143571103,1
2025-07-14 03:32:00,0.18831648682200955,0.10541093540126943,1
2025-07-14 03:33:00,0.3182811618604048,0.2386383043572322,1
2025-07-14 03:34:00,0.8387302804109166,1.0243044301287876,1
2025-07-14 03:35:00,-0.2669584991531513,-0.28094948455715535,1
2025-07-14 03:36:00,0.1997147040183183,0.30242531171085957,1
2025-07-14 03:37:00,-0.07396217648333683,-0.09058393133780818,1
2025-07-14 03:38:00,-0.32010622223385377,-0.26634999291894684,1
2025-07-14 03:39:00,-0.5002724773569412,-0.4859241797246689,1
2025-07-14 03:40:00,1.5621696870095296,0.8995542982779625,1
2025-07-14 03:41:00,-0.6675204344519696,-0.5538014837982176,1
2025-07-14 03:42:00,0.26926056341200993,0.10541093540126943,1
2025-07-14 03:43:00,-0.9908455969390074,-1.011897906140718,1
2025-07-14 03:44:00,0.6603640462618845,0.6098868368248175,1
2025-07-14 03:45:00,-0.10780321140033214,-0.2251534279239028,1
2025-07-14 03:46:00,-0.05393143151692297,-0.03641321010158497,1
2025-07-14 03:47:00,0.368834230451855,0.44402325428820605,1
2025-07-14 03:48:00,0.23318990403810283,0.254035147793113,1
2025-07-14 03:49:00,0.22073677050493984,0.10541093540126943,1
2025-07-14 03:50:00,-0.4941521487029565,-0.4859241797246689,1
2025-07-14 03:51:00,-0.027794126550149255,-0.09058393133780818,1
2025-07-14 03:52:00,0.2555714762163659,0.22180764800609395,1
2025-07-14 03:53:00,-0.19354594149819634,-0.09058393133780818,1
2025-07-14 03:54:00,-0.08452559508273072,-0.2397580183125971,1
2025-07-14 03:55:00,0.06627094636012074,-0.07376629295207034,1
2025-07-14 03:56:00,-0.41797147209184016,-0.23424936732449653,1
2025-07-14 03:57:00,0.45365246869313014,0.39789047067205424,1
2025-07-14 03:58:00,0.2773660777867316,0.3308380193879228,1
2025-07-14 03:59:00,0.2880009708653911,0.12846716582307643,1
2025-07-14 04:00:00,0.6695636583439888,0.6140842887490506,1
2025-07-14 04:01:00,-0.5753881695634883,-0.4859241797246689,1
2025-07-14 04:02:00,0.3021525301589613,0.2386383043572322,1
2025-07-14 04:03:00,-0.32071784442587814,-0.3686472087248264,1
2025-07-14 04:04:00,-0.6360102869028965,-0.5272984044965905,1
2025-07-14 04:05:00,0.2937081867566086,0.3308380193879228,1
2025-07-14 04:06:00,-0.9518643354503672,-1.011897906140718,1
2025-07-14 04:07:00,0.4648767954200386,0.7107301984109214,-1
2025-07-14 04:08:00,-0.30385900685614065,-0.4342581678309732,1
2025-07-14 04:09:00,0.48706824178418917,0.5491922193666923,1
2025-07-14 04:10:00,-0.7787378535474013,-0.620305803222741,1
2025-07-14 04:11:00,0.8359702643142188,0.5649745484666613,1
2025-07-14 04:12:00,0.7786093293761305,0.4409599817147344,1
2025-07-14 04:13:00,0.1887139594270567,0.09540349809584793,1
2025-07-14 04:14:00,-0.2519240426877861,0.029235492637568673,1
2025-07-14 04:15:00,-0.18573335334117638,-0.12689842143571103,1
2025-07-14 04:16:00,-0.3504274587924259,-0.525172779102048,1
2025-07-14 04:17:00,-0.033830904236465065,0.04850752895058618,1
2025-07-14 04:18:00,-0.4290142665796865,-0.4859241797246689,1
2025-07-14 04:19:00,-0.2237871437333154,-0.3559512531711452,1
2025-07-14 04:20:00,-0.08531885640157812,0.1694428866400284,1
2025-07-14 04:21:00,0.57393566375797,0.6850562639358668,-1
2025-07-14 04:22:00,-0.2802647777574156,0.12966189494571334,1
2025-07-14 04:23:00,-0.20746263450763722,-0.09058393133780818,1
2025-07-14 04:24:00,0.3154042101706864,0.3308380193879228,1
2025-07-14 04:25:00,-0.44714663357583706,-0.3021727185638707,1
2025-07-14 04:26:00,0.42928162807333653,0.14733265363129633,1
2025-07-14 04:27:00,-0.661834858761107,-0.5497061971738642,1
2025-07-14 04:28:00,-0.284660038066634,-0.23822115390890766,1
2025-07-14 04:29:00,0.5144408832226638,0.42309876233382293,1
2025-07-14 04:30:00,-0.5770315352636146,-0.6754634293450757,1
2025-07-14 04:31:00,-0.8619766212815269,-0.6463330668837896,1
2025-07-14 04:32:00,-0.5800879188707647,-0.6078181104086257,1
2025-07-14 04:33:00,0.5257892184446615,0.5545659662446639,1
2025-07-14 04:34:00,-0.373955352542697,-0.2821869242907961,1
2025-07-14 04:35:00,0.3417552918283403,0.3308380193879228,1
2025-07-14 04:36:00,0.3524790950608816,0.14733265363129633,1
2025-07-14 04:37:00,0.249799323044852,0.254035147793113,1
2025-07-14 04:38:00,-0.19088140417180832,-0.23335351079100805,1
2025-07-14 04:39:00,0.15944345353299139,0.11182088764492794,1
2025-07-14 04:40:00,0.22891029255052242,0.24486387842790092,1
2025-07-14 04:41:00,-0.07673368846827153,-0.12689842143571103,1
2025-07-14 04:42:00,0.2656728119111009,0.10592307131504089,1
2025-07-14 04:43:00,-0.2985719821070857,-0.1376472211881755,1
2025-07-14 04:44:00,0.39475318785317703,0.04660119602643817,1
2025-07-14 04:45:00,-0.43876778366759117,-0.3494145109181613,1
2025-07-14 04:46:00,0.08878051261510726,0.11182088764492794,1
2025-07-14 04:47:00,0.21968828253708694,0.10541093540126943,1
2025-07-14 04:48:00,-0.3436015660607099,-0.4681673815332417,1
2025-07-14 04:49:00,-1.0748740838911681,-1.1767373066098723,1
2025-07-14 04:50:00,0.02393195436060075,0.158311716503192,1
2025-07-14 04:51:00,-0.057870117876315796,0.10623214441883204,1
2025-07-14 04:52:00,-0.655259528311956,-0.6268064516734337,1
2025-07-14 04:53:00,-0.15518559567766105,-0.24433985039067366,1
2025-07-14 04:54:00,1.0044047787135477,0.8995542982779625,1
2025-07-14 04:55:00,-0.08725182375350977,0.029235492637568673,1
2025-07-14 04:56:00,0.43816143971670396,0.32671525440678156,1
2025-07-14 04:57:00,0.40491711141798076,0.32671525440678156,1
2025-07-14 04:58:00,0.4402760224350325,0.07714250898492055,1
2025-07-14 04:59:00,-0.29077534141931405,-0.3686472087248264,1
2025-07-14 05:00:00,-0.7100773289948261,-0.620305803222741,1
2025-07-14 05:01:00,-0.07544662868611893,-0.03641321010158497,1
2025-07-14 05:02:00,-0.7537533611897189,-0.728305902536267,1
2025-07-14 05:03:00,0.8385869533452949,0.5748166799052807,1
2025-07-14 05:04:00,0.3137419498990469,0.3308380193879228,1
2025-07-14 05:05:00,0.5387077451241881,0.5794101819423362,1
2025-07-14 05:06:00,-0.04500275541599669,-0.09713241943389185,1
2025-07-14 05:07:00,0.3687717227187426,0.32671525440678156,1
2025-07-14 05:08:00,-0.11986918052979341,-0.21223922479622345,1
2025-07-14 05:09:00,0.39204231746561735,0.41439851561341023,1
2025-07-14 05:10:00,0.24911452568452644,0.25913560802818614,1
2025-07-14 05:11:00,0.05027616679577354,-0.07376629295207034,1
2025-07-14 05:12:00,0.33570006820696285,0.3308380193879228,1
2025-07-14 05:13:00,0.31749556192625944,0.21894311753584075,1
2025-07-14 05:14:00,0.3951670543597294,0.09392759688714036,1
2025-07-14 05:15:00,0.960743866332419,0.9822530064271188,1
2025-07-14 05:16:00,0.1663240498406527,0.10541093540126943,1
2025-07-14 05:17:00,-0.28405099067177236,-0.26634999291894684,1
2025-07-14 05:18:00,-0.09010058439226522,-0.09058393133780818,1
2025-07-14 05:19:00,-0.4653425329336371,-0.4708602088555432,1
2025-07-14 05:20:00,-0.4472337255883684,-0.4859241797246689,1
2025-07-14 05:21:00,-0.4423791029354982,-0.4859241797246689,1
2025-07-14 05:22:00,-0.35763476649447107,-0.23424936732449653,1
2025-07-14 05:23:00,0.7219502320261962,0.4509383869014531,1
2025-07-14 05:24:00,-0.4398200561486007,-0.3831624846878721,1
2025-07-14 05:25:00,-0.6391085169982595,-0.4859241797246689,1
2025-07-14 05:26:00,0.864553236083309,0.5706192279810476,1
2025-07-14 05:27:00,-0.05606324359456982,-0.12689842143571103,1
2025-07-14 05:28:00,0.029622080989568145,0.18571461394992592,1
2025-07-14 05:29:00,0.23740059698517596,0.09019238362148731,1
2025-07-14 05:30:00,-0.4570147683024501,-0.4859241797246689,1
2025-07-14 05:31:00,-0.5273055047431074,-0.4346507533734237,1
2025-07-14 05:32:00,-0.004752213656670872,-0.07235172997157778,1
2025-07-14 05:33:00,-0.13083449316743057,-0.09058393133780818,1
2025-07-14 05:34:00,1.1607172307208118,0.8995542982779625,1
2025-07-14 05:35:00,-0.020353397160329578,-0.02619086731282302,1
2025-07-14 05:36:00,0.21764567346902994,0.25913560802818614,1
2025-07-14 05:37:00,-0.5105357130875808,-0.4859241797246689,1
2025-07-14 05:38:00,-0.3289330325828808,-0.39500956845359453,1
2025-07-14 05:39:00,0.05016113937068595,0.11182088764492794,1
2025-07-14 05:40:00,-0.3834435754439912,-0.26634999291894684,1
2025-07-14 05:41:00,-0.37812662656340973,-0.4859241797246689,1
2025-07-14 05:42:00,-0.3001656197425436,-0.2821869242907961,1
2025-07-14 05:43:00,-0.7237697531044733,-0.5969536638223012,1
2025-07-14 05:44:00,0.4268901662245757,0.5045440505299494,1
2025-07-14 05:45:00,0.46528194052631355,0.43029557049786166,1
2025-07-14 05:46:00,-0.195323815601351,0.029235492637568673,1
2025-07-14 05:47:00,-0.2119581005123486,0.06113786742085848,1
2025-07-14 05:48:00,-0.3124682866291736,-0.23822115390890766,1
2025-07-14 05:49:00,0.6320410271747668,0.5836057075434016,1
2025-07-14 05:50:00,-0.641291487890727,-0.6268064516734337,1
2025-07-14 05:51:00,-0.18195282155513115,-0.3466370661965533,1
2025-07-14 05:52:00,-1.1869348712418386,-1.1767373066098723,-1
2025-07-14 05:53:00,-1.4203944690100203,-1.1767373066098723,1
2025-07-14 05:54:00,-0.024968953098630012,-0.05553409158583991,1
2025-07-14 05:55:00,0.6303285906092029,0.5961132619715624,1
2025-07-14 05:56:00,-0.2810162524961973,-0.3198970700187087,1
2025-07-14 05:57:00,0.35648340776338466,0.3308380193879228,1
2025-07-14 05:58:00,0.5167545407800898,0.41378752555650566,1
2025-07-14 05:59:00,-0.1677142412553128,-0.03641321010158497,1
2025-07-14 06:00:00,-0.2893716912000249,-0.2821869242907961,1
2025-07-14 06:01:00,0.5017383298680781,0.32671525440678156,1
2025-07-14 06:02:00,-0.22328610291144008,-0.21223922479622345,1
2025-07-14 06:03:00,0.47855407284719154,0.43029557049786166,1
2025-07-14 06:04:00,-0.15303865736842806,-0.2554538029383816,1
2025-07-14 06:05:00,-0.33390675927283164,-0.3021727185638707,1
2025-07-14 06:06:00,0.6755184005106698,0.6098868368248175,1
2025-07-14 06:07:00,0.6142313518891385,0.6637425330950296,1
2025-07-14 06:08:00,1.16344931731347,0.8995542982779625,1
2025-07-14 06:09:00,-0.4645419266965227,-0.4595618199959009,1
2025-07-14 06:10:00,-0.03433596757642346,0.03172308583120036,1
2025-07-14 06:11:00,-0.37752782790159733,-0.4859241797246689,1
2025-07-14 06:12:00,0.40018807415266533,0.06340889995206257,1
2025-07-14 06:13:00,-1.2780755676964908,-1.1767373066098723,1
2025-07-14 06:14:00,0.4121464223409694,-0.02259582305050469,1
2025-07-14 06:15:00,0.5910227136634104,0.5919158100473293,1
2025-07-14 06:16:00,0.8583741579483832,0.5748166799052807,1
2025-07-14 06:17:00,0.7160208480021099,0.6098868368248175,1
2025-07-14 06:18:00,1.2172751870325307,0.8995542982779625,1
2025-07-14 06:19:00,0.43707375186440406,0.43029557049786166,1
2025-07-14 06:20:00,0.051879772094658605,0.11182088764492794,1
2025-07-14 06:21:00,-0.9764569416249053,-1.011897906140718,1
2025-07-14 06:22:00,-0.1552739386965276,0.10780092543162446,1
2025-07-14 06:23:00,-0.7328501499937106,-0.5969536638223012,1
2025-07-14 06:24:00,-0.028217139660266233,0.10781787952036502,1
2025-07-14 06:25:00,-0.05633532458876167,-0.07376629295207034,1
2025-07-14 06:26:00,0.18602656550334365,0.10541093540126943,1
2025-07-14 06:27:00,0.9583217114121176,0.5706192279810476,1
2025-07-14 06:28:00,-0.053858021753514757,-0.12689842143571103,1
2025-07-14 06:29:00,0.08001171598938508,0.11182088764492794,1
2025-07-14 06:30:00,0.06383243777656011,0.10541093540126943,1
2025-07-14 06:31:00,-0.14370216240785533,-0.21223922479622345,1
2025-07-14 06:32:00,0.38228489691886497,0.41439851561341023,1
2025-07-14 06:33:00,-0.08219212812544024,-0.12486810510962401,1
2025-07-14 06:34:00,-0.1406510959957506,-0.24433985039067366,1
2025-07-14 06:35:00,-0.15087611555365354,-0.12689842143571103,1
2025-07-14 06:36:00,-0.22271413923271402,0.09503670475277795,1
2025-07-14 06:37:00,0.16486033329848365,0.09473377011392957,1
2025-07-14 06:38:00,0.08457533896598743,0.1038655700589714,1
2025-07-14 06:39:00,0.20396200488128757,0.10441199121191987,1
2025-07-14 06:40:00,-0.035798943162527075,0.17407130789931807,1
2025-07-14 06:41:00,-0.6369422439098971,-0.6268064516734337,1
2025-07-14 06:42:00,0.5649649099810244,0.4646750072372551,1
2025-07-14 06:43:00,-0.35689661546410745,-0.3575602664996605,1
2025-07-14 06:44:00,-0.06617431438785965,0.07795550580659634,1
2025-07-14 06:45:00,0.7678771918947511,0.6098868368248175,1
2025-07-14 06:46:00,0.09123617779149068,0.14895535166859894,1
2025-07-14 06:47:00,-0.44975237068929674,-0.4859241797246689,1
2025-07-14 06:48:00,0.29565377671612014,0.2386383043572322,1
2025-07-14 06:49:00,0.20942222458875526,0.10541093540126943,1
2025-07-14 06:50:00,0.04059400960705567,0.06319859949870589,1
2025-07-14 06:51:00,-0.5144581961730998,-0.3855293992278184,1
2025-07-14 06:52:00,0.13530978556640394,0.30242531171085957,1
2025-07-14 06:53:00,-0.18446087965082114,-0.263770639163426,1
2025-07-14 06:54:00,-0.2692551312484428,-0.2387974635032023,1
2025-07-14 06:55:00,-0.141625274682867,0.06113786742085848,1
2025-07-14 06:56:00,0.38562768387722646,0.1940090253306653,1
2025-07-14 06:57:00,-0.2803845753265016,-0.27466682914399115,1
2025-07-14 06:58:00,0.5465686226709695,0.37853079784488947,1
2025-07-14 06:59:00,0.5515890363383438,0.5548205421537942,1
2025-07-14 07:00:00,0.27060587834987737,0.12846716582307643,1
2025-07-14 07:01:00,0.6570398498200749,0.4481669622958991,1
2025-07-14 07:02:00,0.3055728920884642,0.3308380193879228,1
2025-07-14 07:03:00,0.021213486235501372,-0.07376629295207034,1
2025-07-14 07:04:00,0.3302157817696046,0.22064972242085293,1
2025-07-14 07:05:00,1.3336314535424565,0.8995542982779625,1
2025-07-14 07:06:00,-0.4686131685577519,-0.4595618199959009,1
2025-07-14 07:07:00,-0.3363245796502993,-0.3686472087248264,1
2025-07-14 07:08:00,-1.0369600715753382,-0.9515376730172571,1
2025-07-14 07:09:00,-0.7880349936490335,-0.5473008353475248,1
2025-07-14 07:10:00,0.4251903553817231,0.5204411054144006,1
2025-07-14 07:11:00,0.10053227377417262,0.3154572905901833,1
2025-07-14 07:12:00,-0.9087541994446787,-0.824549803365277,1
2025-07-14 07:13:00,-0.2980909408010768,-0.39500956845359453,1
2025-07-14 07:14:00,0.14581007282755803,0.09540349809584793,1
2025-07-14 07:15:00,0.050834434044053405,-0.020662157376628337,1
2025-07-14 07:16:00,0.21509749606843764,0.09510097428199568,1
2025-07-14 07:17:00,0.16577947956877426,0.3324607174252255,1
2025-07-14 07:18:00,-0.1822183198161404,-0.04910772619744795,1
2025-07-14 07:19:00,-0.8074401596107422,-0.7107769385530749,1
2025-07-14 07:20:00,0.06440100327673894,0.00868106689638859,1
2025-07-14 07:21:00,-0.11790797047738483,-0.12689842143571103,1
2025-07-14 07:22:00,0.1748792290980471,0.3308380193879228,1
2025-07-14 07:23:00,-0.3028609301403896,-0.27466682914399115,1
2025-07-14 07:24:00,0.08725185883163333,0.22325757555949266,1
2025-07-14 07:25:00,0.2492313943281792,0.11182088764492794,1
2025-07-14 07:26:00,0.6539412557530405,0.6442310137835381,1
2025-07-14 07:27:00,-0.7640126494581287,-0.6336668816561369,1
2025-07-14 07:28:00,-0.3170464811860537,-0.3311190961957003,1
2025-07-14 07:29:00,-0.029084331120343893,0.18571461394992592,1
2025-07-14 07:30:00,-0.16066284716424117,-0.12689842143571103,1
2025-07-14 07:31:00,0.33441856812990717,0.14733265363129633,1
2025-07-14 07:32:00,0.05296957727072732,0.11182088764492794,1
2025-07-14 07:33:00,0.47533307061568636,0.43029557049786166,1
2025-07-14 07:34:00,0.23236037433667606,0.30242531171085957,1
2025-07-14 07:35:00,0.024247971549988978,0.11908412183875353,1
2025-07-14 07:36:00,0.10720096225912251,0.11182088764492794,1
2025-07-14 07:37:00,0.0926313349012064,0.11182088764492794,1
2025-07-14 07:38:00,-0.3860336910344563,-0.4681673815332417,1
2025-07-14 07:39:00,-0.5298467090910156,-0.4708602088555432,1
2025-07-14 07:40:00,1.4031193572899188,0.8995542982779625,1
2025-07-14 07:41:00,0.19233235960706138,0.054809085896618405,1
2025-07-14 07:42:00,-0.7933410532771015,-0.5969536638223012,1
2025-07-14 07:43:00,0.16814594491361162,0.10541093540126943,1
2025-07-14 07:44:00,-0.33863803996722763,-0.26634999291894684,1
2025-07-14 07:45:00,0.5655757803074953,0.6442310137835381,1
2025-07-14 07:46:00,1.039304541360823,0.8995542982779625,1
2025-07-14 07:47:00,0.3490686252371072,0.3308380193879228,1
2025-07-14 07:48:00,-0.025756792443079088,0.08313271914352154,1
2025-07-14 07:49:00,-0.023629768936482567,0.1932022655800569,1
2025-07-14 07:50:00,-0.06317805536706497,-0.09058393133780818,1
2025-07-14 07:51:00,0.026916758283168474,0.24543477798836258,1
2025-07-14 07:52:00,0.07957240314713804,0.22325757555949266,1
2025-07-14 07:53:00,-0.5430436715169253,-0.6003033723718066,1
2025-07-14 07:54:00,0.693175001744915,0.5131344898537852,1
2025-07-14 07:55:00,0.08669687071074011,0.11182088764492794,1
2025-07-14 07:56:00,0.3783770296484069,0.2386383043572322,1
2025-07-14 07:57:00,-0.33723498339699126,-0.3686472087248264,1
2025-07-14 07:58:00,0.5802992543999866,0.42309876233382293,1
2025-07-14 07:59:00,0.8008565901637874,0.6098868368248175,1
2025-07-14 08:00:00,-0.954301930911174,-1.011897906140718,1
2025-07-14 08:01:00,-0.21312794889109493,-0.21223922479622345,1
2025-07-14 08:02:00,-0.7357573903475348,-0.6086192295255143,1
2025-07-14 08:03:00,-0.34989587088074514,-0.39500956845359453,1
2025-07-14 08:04:00,-0.0177945205046601,0.1694615015076816,1
2025-07-14 08:05:00,-0.7107971511215535,-0.6268064516734337,1
2025-07-14 08:06:00,-0.5270775513005412,-0.4859241797246689,1
2025-07-14 08:07:00,-0.2894200679675492,-0.09058393133780818,1
2025-07-14 08:08:00,0.5119367654936049,0.39789047067205424,1
2025-07-14 08:09:00,-0.7692777497029415,-0.8420787673484691,1
2025-07-14 08:10:00,0.43145065061110277,0.41439851561341023,1
2025-07-14 08:11:00,0.03125674626561725,-0.12689842143571103,1
2025-07-14 08:12:00,-0.32097250727088367,-0.3686472087248264,1
2025-07-14 08:13:00,-0.5725378330596139,-0.4859241797246689,1
2025-07-14 08:14:00,0.6860241579429227,0.5131344898537852,1
2025-07-14 08:15:00,0.6413591912404415,0.5919158100473293,1
2025-07-14 08:16:00,0.08583407725295097,0.1319519248335568,1
2025-07-14 08:17:00,0.012936069473870881,0.10623214441883204,1
2025-07-14 08:18:00,-0.7724086798038309,-0.6884985873416956,1
2025-07-14 08:19:00,0.11294964894061316,0.30242531171085957,1
2025-07-14 08:20:00,0.5320173832213366,0.41378752555650566,1
2025-07-14 08:21:00,0.48101807954489395,0.30569075564136367,1
2025-07-14 08:22:00,-0.6739348203513897,-0.5665470038739693,1
2025-07-14 08:23:00,-0.728728656830823,-0.6884985873416956,1
2025-07-14 08:24:00,0.1329547216155658,0.10541093540126943,1
2025-07-14 08:25:00,0.10153407524724084,0.11182088764492794,1
2025-07-14 08:26:00,-0.1456806117126171,-0.09058393133780818,1
2025-07-14 08:27:00,-0.38426324845659987,-0.3686472087248264,1
2025-07-14 08:28:00,-0.3561671029207916,-0.3489547049623197,1
2025-07-14 08:29:00,-0.3235043750491651,-0.24969365348376743,1
2025-07-14 08:30:00,0.3627908897324943,0.3308380193879228,1
2025-07-14 08:31:00,-0.09286405636886791,-0.09058393133780818,1
2025-07-14 08:32:00,0.7158695414113422,0.6140842887490506,1
2025-07-14 08:33:00,-0.45149937127846096,-0.4708602088555432,1
2025-07-14 08:34:00,0.7455563752608299,0.6140842887490506,1
2025-07-14 08:35:00,0.7865914780103046,0.6098868368248175,1
2025-07-14 08:36:00,0.35080562107734903,0.09392759688714036,1
2025-07-14 08:37:00,0.4913900474107407,0.7242388871124719,1
2025-07-14 08:38:00,-0.4439501793785514,-0.4859241797246689,1
2025-07-14 08:39:00,0.42165559633409266,0.16693589299749548,1
2025-07-14 08:40:00,-0.02451279944428636,0.1319519248335568,1
2025-07-14 08:41:00,-0.05248809840132755,-0.12689842143571103,1
2025-07-14 08:42:00,-0.21184404946484395,-0.12689842143571103,1
2025-07-14 08:43:00,0.5593934283222224,0.5548205421537942,1
2025-07-14 08:44:00,-0.5664994297742448,-0.4859241797246689,1
2025-07-14 08:45:00,-0.892564132616857,-0.6329719884503936,1
2025-07-14 08:46:00,0.42643956761259694,0.6517653601335596,1
2025-07-14 08:47:00,-0.22670855000127602,-0.24919044216285743,1
2025-07-14 08:48:00,0.016057834678310783,-0.07235172997157778,1
2025-07-14 08:49:00,0.6689962398467553,0.8028185109778586,1
2025-07-14 08:50:00,0.3333928200038656,0.2386383043572322,1
2025-07-14 08:51:00,-1.2682665288870612,-1.1767373066098723,1
2025-07-14 08:52:00,0.033198833584731094,0.017650296307860466,1
2025-07-14 08:53:00,-0.579147616762367,-0.41303528864769795,1
2025-07-14 08:54:00,-0.002798726801552076,0.08337946315979777,1
2025-07-14 08:55:00,0.4958379927780385,0.529752342191718,1
2025-07-14 08:56:00,-0.35926291394759136,-0.27466682914399115,1
2025-07-14 08:57:00,-0.09674103856189872,-0.03641321010158497,1
2025-07-14 08:58:00,-0.054439072260133586,-0.12689842143571103,1
2025-07-14 08:59:00,-0.2395896374616528,-0.21223922479622345,1
2025-07-14 09:00:00,-0.22749099248378066,-0.2619708735903099,1
2025-07-14 09:01:00,-0.14750511973722702,-0.03641321010158497,1
2025-07-14 09:02:00,0.5405853748710655,0.4396068072751789,1
2025-07-14 09:03:00,0.31348412319118657,0.10541093540126943,1
2025-07-14 09:04:00,-0.9384007276259827,-0.6096198490499538,1
2025-07-14 09:05:00,0.0026691664755157107,0.11182088764492794,1
2025-07-14 09:06:00,-0.2065139626655752,-0.24433985039067366,1
2025-07-14 09:07:00,0.016051745984175032,0.1694428866400284,1
2025-07-14 09:08:00,-0.19678102788115576,-0.21223922479622345,1
2025-07-14 09:09:00,-0.3211086915740754,-0.2821869242907961,1
2025-07-14 09:10:00,0.3527567892449157,0.3308380193879228,1
2025-07-14 09:11:00,0.4991392463888379,0.5548205421537942,1
2025-07-14 09:12:00,0.7151118129712858,0.6098868368248175,1
2025-07-14 09:13:00,0.31827158059117217,0.3308380193879228,1
2025-07-14 09:14:00,-0.43772747850017324,-0.4859241797246689,1
2025-07-14 09:15:00,-0.8985026961246355,-0.7107769385530749,1
2025-07-14 09:16:00,0.3935811038252988,0.34322329934813756,1
2025-07-14 09:17:00,-0.6663606390810378,-0.6268064516734337,1
2025-07-14 09:18:00,0.19776428612468933,0.10541093540126943,1
2025-07-14 09:19:00,-0.5385898875982641,-0.4859241797246689,1
2025-07-14 09:20:00,-0.6836629062407471,-0.6884985873416956,1
2025-07-14 09:21:00,0.7701123670933323,0.5311055166312734,1
2025-07-14 09:22:00,0.19222523533529273,0.1309518453256668,1
2025-07-14 09:23:00,0.2511122864747925,0.3126461129201528,1
2025-07-14 09:24:00,0.1636724745233834,0.10592307131504089,1
2025-07-14 09:25:00,0.45556960218631337,0.43029557049786166,1
2025-07-14 09:26:00,-0.23864806822854281,-0.036519957888244796,1
2025-07-14 09:27:00,-0.02788887820965988,0.10158895176335526,1
2025-07-14 09:28:00,-0.8197802913842074,-0.6505009524335857,1
2025-07-14 09:29:00,0.7026242928943277,0.6098868368248175,1
2025-07-14 09:30:00,-0.14270901349357196,-0.21223922479622345,1
2025-07-14 09:31:00,0.027407786030778536,-0.12689842143571103,1
2025-07-14 09:32:00,0.3388492269073549,0.3308380193879228,1
2025-07-14 09:33:00,0.2063445390780163,0.254035147793113,1
2025-07-14 09:34:00,-0.47580542757565736,-0.5589291475998853,1
2025-07-14 09:35:00,-0.8602623213890378,-0.620305803222741,1
2025-07-14 09:36:00,0.12862223124382954,0.10441199121191987,1
2025-07-14 09:37:00,0.2583183341336599,0.10541093540126943,1
2025-07-14 09:38:00,-0.34100006143716666,-0.21223922479622345,1
2025-07-14 09:39:00,-0.02604075918266799,-0.12689842143571103,1
2025-07-14 09:40:00,-0.28196899008046855,-0.2215534117708153,1
2025-07-14 09:41:00,0.1988373211883442,0.30242531171085957,1
2025-07-14 09:42:00,0.9708732402182565,0.9298498089061171,1
2025-07-14 09:43:00,0.12584526720106226,-0.03179332751346469,1
2025-07-14 09:44:00,-0.42566648606889973,-0.4859241797246689,1
2025-07-14 09:45:00,-0.326606634582702,-0.37725277026216725,1
2025-07-14 09:46:00,-0.2299728627800155,-0.21223922479622345,1
2025-07-14 09:47:00,-0.40506885543021354,-0.2821869242907961,1
2025-07-14 09:48:00,0.8245166459239839,0.6098868368248175,1
2025-07-14 09:49:00,-0.3061848865508252,-0.26634999291894684,1
2025-07-14 09:50:00,-0.8489582793922753,-0.6704936977284721,1
2025-07-14 09:51:00,-0.2583404480000464,-0.25883051180671257,1
2025-07-14 09:52:00,0.4379425206882205,0.32671525440678156,1
2025-07-14 09:53:00,-0.008679309349436531,-0.017221637901351144,1
2025-07-14 09:54:00,0.6535079652786839,0.5836057075434016,1
2025-07-14 09:55:00,-0.5164913791077809,-0.4595618199959009,1
2025-07-14 09:56:00,-0.18559137772926604,-0.12689842143571103,1
2025-07-14 09:57:00,-0.18658268244136048,-0.07235172997157778,1
2025-07-14 09:58:00,-0.6893511766866617,-0.6268064516734337,1
2025-07-14 09:59:00,-0.5430585502473682,-0.4859241797246689,1
2025-07-14 10:00:00,0.6436994145955908,0.5548205421537942,1
2025-07-14 10:01:00,0.15463664397649704,0.30242531171085957,1
2025-07-14 10:02:00,0.47257042136699945,0.32671525440678156,1
2025-07-14 10:03:00,0.44259034013495024,0.14733265363129633,1
2025-07-14 10:04:00,-0.4871761582285163,-0.4859241797246689,1
2025-07-14 10:05:00,0.2118581948974497,0.11758645137296383,1
2025-07-14 10:06:00,-0.3515229804414851,-0.2821869242907961,1
2025-07-14 10:07:00,-0.16928604089624705,0.06113786742085848,1
2025-07-14 10:08:00,-0.22804772102926435,-0.03641321010158497,1
2025-07-14 10:09:00,0.38438347126019307,0.2386383043572322,1
2025-07-14 10:10:00,0.7806861899383792,0.6098868368248175,1
2025-07-14 10:11:00,-0.13787065825457548,-0.12689842143571103,1
2025-07-14 10:12:00,0.7101464061415564,0.6098868368248175,1
2025-07-14 10:13:00,0.16302540735127177,0.2402610023945348,1
2025-07-14 10:14:00,0.31005041334245187,0.12241988340850632,1
2025-07-14 10:15:00,-0.04994733102853109,-0.0322900878117101,1
2025-07-14 10:16:00,-0.5283534294022979,-0.5730928293074605,1
2025-07-14 10:17:00,0.09137099892412734,0.06319859949870589,1
2025-07-14 10:18:00,0.09423626668254709,0.09540349809584793,1
2025-07-14 10:19:00,0.5146895319182342,0.42309876233382293,1
2025-07-14 10:20:00,-0.25884664703737836,-0.2215534117708153,1
2025-07-14 10:21:00,-0.20951499884118252,-0.24433985039067366,1
2025-07-14 10:22:00,0.6606799346592123,0.5410839218179921,1
2025-07-14 10:23:00,0.5339113401966049,0.41378752555650566,1
2025-07-14 10:24:00,0.8845029244143408,0.5748166799052807,1
2025-07-14 10:25:00,-0.16336604168761412,-0.09058393133780818,1
2025-07-14 10:26:00,0.39791631475241684,0.6358683052491082,1
2025-07-14 10:27:00,-0.03814115050082692,-0.09058393133780818,1
2025-07-14 10:28:00,-0.05300651605461485,-0.09058393133780818,1
2025-07-14 10:29:00,0.2848669374277091,0.11891994595423296,1
2025-07-14 10:30:00,-0.8601469529053767,-0.6981107533254223,1
2025-07-14 10:31:00,1.004671613684382,0.7113797213576628,1
2025-07-14 10:32:00,0.23934787286904077,0.11891994595423296,1
2025-07-14 10:33:00,-0.1438380379188262,-0.09058393133780818,1
2025-07-14 10:34:00,-0.41337793714440263,-0.3768798292747079,1
2025-07-14 10:35:00,-0.47272888138241265,-0.28094948455715535,1
2025-07-14 10:36:00,0.24149094209977534,0.10541093540126943,1
2025-07-14 10:37:00,0.096305172152878,0.09510097428199568,1
2025-07-14 10:38:00,-0.5137976093806708,-0.42494463378338126,1
2025-07-14 10:39:00,-0.6584199361011067,-0.5272984044965905,1
2025-07-14 10:40:00,-0.16136434634439548,-0.12689842143571103,1
2025-07-14 10:41:00,0.2891515000614056,0.13763843518828853,1
2025-07-14 10:42:00,-0.37560380526703907,-0.3686472087248264,1
2025-07-14 10:43:00,-0.2391349013793444,0.029235492637568673,1
2025-07-14 10:44:00,-0.7380771551143566,-0.6884985873416956,1
2025-07-14 10:45:00,0.7033193161429822,0.6098868368248175,1
2025-07-14 10:46:00,-0.921238957599624,-0.6329719884503936,1
2025-07-14 10:47:00,-0.7378275149674325,-0.5969536638223012,1
2025-07-14 10:48:00,0.5995220722884239,0.5919158100473293,1
2025-07-14 10:49:00,-0.03599516840127476,-0.12689842143571103,1
2025-07-14 10:50:00,-0.10280307875687988,-0.2867026457354559,1
2025-07-14 10:51:00,0.08330148320644676,-0.06427701487592972,1
2025-07-14 10:52:00,-0.16955759766943707,-0.21223922479622345,1
2025-07-14 10:53:00,-0.7368772895671751,-0.620305803222741,1
2025-07-14 10:54:00,1.0333311296949865,0.7989500550351398,1
2025-07-14 10:55:00,0.09767520743876218,0.10441199121191987,1
2025-07-14 10:56:00,0.520339318754085,0.6655447446243753,1
2025-07-14 10:57:00,0.07501151075750431,0.10623214441883204,1
2025-07-14 10:58:00,-0.010543545904662534,-0.05553409158583991,1
2025-07-14 10:59:00,-0.5077113807069136,-0.4859241797246689,1
2025-07-14 11:00:00,0.001765115254525551,0.08313271914352154,1
2025-07-14 11:01:00,0.028490605693083912,0.09045778162651891,1
2025-07-14 11:02:00,0.4079933666645897,0.34322329934813756,1
2025-07-14 11:03:00,0.513241766961636,0.4851843777027845,1
2025-07-14 11:04:00,-0.1223631134798572,0.06113786742085848,1
2025-07-14 11:05:00,-0.540383328162988,-0.5589291475998853,1
2025-07-14 11:06:00,-0.300828983011126,-0.21223922479622345,1
2025-07-14 11:07:00,-0.2921553814508082,-0.39500956845359453,1
2025-07-14 11:08:00,-0.8299086309592936,-0.620305803222741,1
2025-07-14 11:09:00,-0.017394279016665987,-0.12689842143571103,1
2025-07-14 11:10:00,0.32083902515551976,0.12846716582307643,1
2025-07-14 11:11:00,-0.3527825427273853,-0.1376472211881755,1
2025-07-14 11:12:00,-0.24130361920539897,-0.2554538029383816,1
2025-07-14 11:13:00,0.5950460154277156,0.6637425330950296,1
2025-07-14 11:14:00,-0.389293658847257,-0.26634999291894684,1
2025-07-14 11:15:00,-0.29982841303231583,-0.2215534117708153,1
2025-07-14 11:16:00,0.4085287057117608,0.5204411054144006,1
2025-07-14 11:17:00,0.18244251653946078,0.11758645137296383,1
2025-07-14 11:18:00,-0.2037078509059351,-0.28094948455715535,1
2025-07-14 11:19:00,0.2061034869430067,0.09510097428199568,1
2025-07-14 11:20:00,-0.5688462831406947,-0.6003033723718066,1
2025-07-14 11:21:00,0.019727683716801447,0.1319519248335568,1
2025-07-14 11:22:00,-0.8290793228434431,-0.7107769385530749,1
2025-07-14 11:23:00,0.35151008888325386,0.3308380193879228,1
2025-07-14 11:24:00,-0.10176849467153926,0.0440660976828248,1
2025-07-14 11:25:00,0.3961890150399251,0.3308380193879228,1
2025-07-14 11:26:00,-0.493941883921711,-0.4859241797246689,1
2025-07-14 11:27:00,0.3951099786325104,0.34322329934813756,1
2025-07-14 11:28:00,0.18601592489002078,0.10541093540126943,1
2025-07-14 11:29:00,-0.07399998616946526,-0.09058393133780818,1
2025-07-14 11:30:00,0.758272275102419,0.6140842887490506,1
2025-07-14 11:31:00,-0.16289406169505669,-0.263770639163426,1
2025-07-14 11:32:00,0.06562303696246152,0.11182088764492794,1
2025-07-14 11:33:00,-0.42258205910719254,-0.4859241797246689,1
2025-07-14 11:34:00,-0.7852385663906847,-0.7107769385530749,1
2025-07-14 11:35:00,-0.34052353758044984,-0.26634999291894684,1
2025-07-14 11:36:00,0.476337879104132,0.5491922193666923,1
2025-07-14 11:37:00,-0.7588097862497079,-0.620305803222741,1
2025-07-14 11:38:00,0.6068143086861335,0.4646750072372551,1
2025-07-14 11:39:00,-0.46763340320143026,-0.4859241797246689,1
2025-07-14 11:40:00,-0.21309850776181882,-0.12689842143571103,1
2025-07-14 11:41:00,-0.2267578613790716,-0.38122455684657836,1
2025-07-14 11:42:00,-0.2736536742593083,-0.21223922479622345,1
2025-07-14 11:43:00,-0.4257977362324564,-0.27466682914399115,1
2025-07-14 11:44:00,0.44454498353826116,0.7107301984109214,1
2025-07-14 11:45:00,0.17588711834042858,0.10541093540126943,1
2025-07-14 11:46:00,-0.37360718061200593,-0.27466682914399115,1
2025-07-14 11:47:00,0.6542348162202389,0.3950388427862454,1
2025-07-14 11:48:00,-0.18552612431779406,0.12966189494571334,1
2025-07-14 11:49:00,-0.4645898235527605,-0.5322871907649449,1
2025-07-14 11:50:00,0.21377896711183464,0.10541093540126943,1
2025-07-14 11:51:00,0.16852871671670128,0.1319519248335568,1
2025-07-14 11:52:00,-0.08505868059161883,-0.09366540652695755,1
2025-07-14 11:53:00,-0.0026602077209028907,0.10623214441883204,1
2025-07-14 11:54:00,-0.19850202516061405,-0.17592473469832062,1
2025-07-14 11:55:00,0.2597334809779632,0.10541093540126943,1
2025-07-14 11:56:00,-0.6182096521374764,-0.664067134689774,1
2025-07-14 11:57:00,-0.055081410347893156,-0.07235172997157778,1
2025-07-14 11:58:00,-0.0775086649474035,0.04605313102330657,1
2025-07-14 11:59:00,-0.3269631820228451,-0.28094948455715535,1
2025-07-14 12:00:00,0.26048261311798593,0.22180764800609395,1
2025-07-14 12:01:00,-0.4993448730925019,-0.3572646041900213,1
2025-07-14 12:02:00,-0.9347667210517887,-0.7245704285792627,1
2025-07-14 12:03:00,-0.8220138589151267,-0.9981044161145305,1
2025-07-14 12:04:00,-0.6435006103982805,-0.603454312272994,1
2025-07-14 12:05:00,0.2887249014307068,0.3308380193879228,1
2025-07-14 12:06:00,-0.28252653872240396,-0.26634999291894684,1
2025-07-14 12:07:00,0.6573613934905255,0.5919158100473293,1
2025-07-14 12:08:00,0.25495575704296114,0.254035147793113,1
2025-07-14 12:09:00,-0.037429445322241656,0.07331231315111957,1
2025-07-14 12:10:00,-0.0633426469372446,-0.09058393133780818,1
2025-07-14 12:11:00,0.03067790176833529,0.13921515902738235,1
2025-07-14 12:12:00,0.5001665621102471,0.43029557049786166,1
2025-07-14 12:13:00,-0.4260995473567739,-0.2472015107874444,1
2025-07-14 12:14:00,0.2618488971934771,0.10541093540126943,1
2025-07-14 12:15:00,0.058585209450652265,-0.020662157376628337,1
2025-07-14 12:16:00,-0.05585482040960488,-0.09058393133780818,1
2025-07-14 12:17:00,-0.1511407573521143,-0.271290734310231,1
2025-07-14 12:18:00,0.19782554061764795,-0.20508647224014978,1
2025-07-14 12:19:00,0.4471557026913068,0.25392664436918594,1
2025-07-14 12:20:00,-0.024299772417227528,0.15412912726242667,1
2025-07-14 12:21:00,-0.8939250512714438,-0.7107769385530749,1
2025-07-14 12:22:00,0.03374490702673011,0.09660233586514581,1
2025-07-14 12:23:00,-0.7489806574173956,-0.6981107533254223,1
2025-07-14 12:24:00,0.4316908462122599,0.28668471105505255,1
2025-07-14 12:25:00,-0.11318759954424938,0.06113786742085848,1
2025-07-14 12:26:00,0.09226634707088376,0.1038655700589714,1
2025-07-14 12:27:00,-0.4656086274566693,-0.4595618199959009,1
2025-07-14 12:28:00,-0.29007394926258856,-0.27466682914399115,1
2025-07-14 12:29:00,-0.8265521178137024,-0.728305902536267,1
2025-07-14 12:30:00,-0.5851287691405883,-0.4083824595004116,1
2025-07-14 12:31:00,-0.30530891438704383,-0.2215534117708153,1
2025-07-14 12:32:00,-0.6520297804115711,-0.589273799811907,1
2025-07-14 12:33:00,0.06626247668528637,-0.029405080666718136,1
2025-07-14 12:34:00,-0.6176805315759103,-0.6144670540793818,1
2025-07-14 12:35:00,0.6328986240141867,0.3673456328205285,1
2025-07-14 12:36:00,-0.42433156986579124,-0.4859241797246689,1
2025-07-14 12:37:00,0.22217246912538,0.10541093540126943,1
2025-07-14 12:38:00,-0.48293013203891144,-0.4595618199959009,1
2025-07-14 12:39:00,0.4061227932064939,0.3308380193879228,1
2025-07-14 12:40:00,-0.5273985827394753,-0.4859241797246689,1
2025-07-14 12:41:00,-0.3600412314539554,-0.27466682914399115,1
2025-07-14 12:42:00,0.7005245322866944,0.4481669622958991,1
2025-07-14 12:43:00,0.01083970163648042,0.11959625775252497,1
2025-07-14 12:44:00,-0.4379097294904476,-0.5322871907649449,1
2025-07-14 12:45:00,-0.4513236946695288,-0.4859241797246689,1
2025-07-14 12:46:00,-0.366421049858197,-0.31066541622165394,1
2025-07-14 12:47:00,0.49929670885008426,0.1674032150815793,1
2025-07-14 12:48:00,-0.18417976152925308,-0.07235172997157778,1
2025-07-14 12:49:00,-0.22188057892686713,-0.39898135503800564,1
2025-07-14 12:50:00,-0.06552242375288445,-0.09058393133780818,1
2025-07-14 12:51:00,-0.41485989266376333,-0.4708602088555432,1
2025-07-14 12:52:00,-0.633577859111995,-0.6268064516734337,1
2025-07-14 12:53:00,0.1795583317394829,0.04660119602643817,1
2025-07-14 12:54:00,0.16450892121753524,0.11182088764492794,1
2025-07-14 12:55:00,-0.8451319688640551,-0.6505009524335857,1
2025-07-14 12:56:00,-0.4512648544729255,-0.36558144041506563,1
2025-07-14 12:57:00,0.3974883709649096,0.30868802733454703,1
2025-07-14 12:58:00,0.3933970900900005,0.32671525440678156,1
2025-07-14 12:59:00,-0.025377425009041055,-0.09058393133780818,1
2025-07-14 13:00:00,0.40808720016825867,0.34322329934813756,1
2025-07-14 13:01:00,-0.06330918500133678,0.10599974205039496,1
2025-07-14 13:02:00,0.4913778079189246,0.5204411054144006,1
2025-07-14 13:03:00,0.18256508846965894,0.10541093540126943,1
2025-07-14 13:04:00,0.22515294950096915,0.10541093540126943,1
2025-07-14 13:05:00,-0.03993208273190532,-0.12689842143571103,1
2025-07-14 13:06:00,0.4717008187772014,0.28668471105505255,1
2025-07-14 13:07:00,0.33916431548574555,0.3308380193879228,1
2025-07-14 13:08:00,-0.570694308857692,-0.49914422556705507,1
2025-07-14 13:09:00,-0.08793562315426107,0.10780092543162446,1
2025-07-14 13:10:00,-0.3559547130188073,-0.3753170646910878,1
2025-07-14 13:11:00,0.45728038138273874,0.43029557049786166,1
2025-07-14 13:12:00,0.8326456891536284,0.5748166799052807,1
2025-07-14 13:13:00,0.8714926645652733,1.0243044301287876,1
2025-07-14 13:14:00,-1.1142103820434692,-1.1767373066098723,1
2025-07-14 13:15:00,0.6957039765704175,0.6015767343208898,1
2025-07-14 13:16:00,-0.3284010637538457,-0.37725277026216725,1
2025-07-14 13:17:00,0.21671417588706823,0.10541093540126943,1
2025-07-14 13:18:00,0.09253500644572302,0.11182088764492794,1
2025-07-14 13:19:00,-0.25405055904093893,-0.27032177950335795,1
2025-07-14 13:20:00,0.8677143416652312,0.6637425330950296,1
2025-07-14 13:21:00,-0.08198852199778268,-0.07235172997157778,1
2025-07-14 13:22:00,-0.1426033867286069,-0.08282820411263558,1
2025-07-14 13:23:00,-0.15195764448864144,0.06319859949870589,1
2025-07-14 13:24:00,-0.0012795648627782347,0.13763843518828853,1
2025-07-14 13:25:00,0.38902400518116287,0.41378752555650566,1
2025-07-14 13:26:00,0.03073936740039828,0.13457095243081674,1
2025-07-14 13:27:00,0.0603039498824767,0.11182088764492794,1
2025-07-14 13:28:00,0.7064519391381221,0.5585034561440096,1
2025-07-14 13:29:00,0.01171522788485363,0.11891994595423296,1
2025-07-14 13:30:00,0.0340439529441234,0.11182088764492794,1
2025-07-14 13:31:00,-0.2461690377088123,-0.09058393133780818,1
2025-07-14 13:32:00,0.5276969216326222,0.14733265363129633,1
2025-07-14 13:33:00,0.07435356094930692,0.1694428866400284,1
2025-07-14 13:34:00,0.0401837089421081,-0.23822115390890766,1
2025-07-14 13:35:00,-0.4437362765097923,-0.07376629295207034,1
2025-07-14 13:36:00,-0.20746000854782926,-0.21223922479622345,1
2025-07-14 13:37:00,0.17813720580497217,-0.009307850422496542,1
2025-07-14 13:38:00,1.045860237334921,1.0144622986901681,1
2025-07-14 13:39:00,0.21966529394902903,-0.04910772619744795,1
2025-07-14 13:40:00,0.8526294383309159,1.0144622986901681,1
2025-07-14 13:41:00,-0.12248847649414063,-0.4595618199959009,1
2025-07-14 13:42:00,0.5232512344078984,0.15355822770196503,1
2025-07-14 13:43:00,0.9762946411846805,1.0144622986901681,1
2025-07-14 13:44:00,-0.6457859851105977,-0.4859241797246689,1
2025-07-14 13:45:00,0.21303753062096054,-0.03179332751346469,1
2025-07-14 13:46:00,0.42437146201752046,0.09019238362148731,1
2025-07-14 13:47:00,-0.24639054883461003,-0.21223922479622345,1
2025-07-14 13:48:00,-0.082451700995027,0.11908412183875353,1
2025-07-14 13:49:00,-0.23677442121446055,-0.12689842143571103,1
2025-07-14 13:50:00,-0.055008069261494985,0.3154572905901833,1
2025-07-14 13:51:00,-0.26794923244556557,-0.07376629295207034,1
2025-07-14 13:52:00,-0.2453607417758669,0.06659502004041196,1
2025-07-14 13:53:00,-0.1532064142039546,0.06319859949870589,1
2025-07-14 13:54:00,-0.27167267318365346,-0.21223922479622345,1
2025-07-14 13:55:00,1.1013060766835843,0.9457884272521461,1
2025-07-14 13:56:00,-0.27270792704725344,-0.6268064516734337,1
2025-07-14 13:57:00,0.19259581528050176,0.3988335622510863,1
2025-07-14 13:58:00,-0.14295413072703342,-0.28094948455715535,1
2025-07-14 13:59:00,0.37389042186166077,0.5204411054144006,1
2025-07-14 14:00:00,0.5184981481097793,0.43029557049786166,1
2025-07-14 14:01:00,-0.15397423425139803,-0.26634999291894684,1
2025-07-14 14:02:00,-0.9994260693249812,-0.5435855796245871,1
2025-07-14 14:03:00,-0.01770216541756109,0.04660119602643817,1
2025-07-14 14:04:00,-0.040114242686579926,-0.07235172997157778,1
2025-07-14 14:05:00,0.5359619407005187,0.33051540797814055,1
2025-07-14 14:06:00,-0.05792152895310096,-0.1486335607878411,1
2025-07-14 14:07:00,-0.19092906695080103,-0.5322871907649449,1
2025-07-14 14:08:00,-0.1432585416258533,0.09540349809584793,1
2025-07-14 14:09:00,0.5345105577759024,0.7200414351882387,1
2025-07-14 14:10:00,-0.03951598475245184,0.07795550580659634,1
2025-07-14 14:11:00,0.4173195949024241,0.3473460643292788,1
2025-07-14 14:12:00,0.030115324495141177,0.11182088764492794,1
2025-07-14 14:13:00,-0.6549957380335826,-1.0156333800977226,-1
2025-07-14 14:14:00,0.617179205888579,0.3473460643292788,1
2025-07-14 14:15:00,-0.31900511778226376,-0.12689842143571103,1
2025-07-14 14:16:00,-0.23627243330155479,-0.05553409158583991,1
2025-07-14 14:17:00,-0.029398432125952903,-0.04053625080355448,1
2025-07-14 14:18:00,-0.19191030416450908,-0.24969365348376743,1
2025-07-14 14:19:00,-0.24841826435180578,-0.3466370661965533,1
2025-07-14 14:20:00,0.30383940493064965,0.42309876233382293,1
2025-07-14 14:21:00,-0.9930659036577756,-0.6003033723718066,1
2025-07-14 14:22:00,0.19454835471747223,-0.09058393133780818,1
2025-07-14 14:23:00,0.0006416811011564216,-0.4859241797246689,1
2025-07-14 14:24:00,-0.5207185354025206,-0.3686472087248264,1
2025-07-14 14:25:00,-0.34509845816615925,-0.2691762364359321,1
2025-07-14 14:26:00,0.06090191289406215,0.00651912617102411,1
2025-07-14 14:27:00,0.18322891555550763,0.1319519248335568,1
2025-07-14 14:28:00,-0.041392813055801614,-0.17592473469832062,1
2025-07-14 14:29:00,0.8435023266732093,0.3308380193879228,1
2025-07-14 14:30:00,0.9930999540543329,0.9496954869315096,1
2025-07-14 14:31:00,-0.10251922659974896,0.09540349809584793,1
2025-07-14 14:32:00,-0.15224715783774181,0.10541093540126943,1
2025-07-14 14:33:00,-0.2696021039417932,-0.09058393133780818,1
2025-07-14 14:34:00,0.10993012237674506,0.10541093540126943,1
2025-07-14 14:35:00,0.2820572004412851,-0.09058393133780818,1
2025-07-14 14:36:00,0.6147787066441559,0.5607770965424281,1
2025-07-14 14:37:00,0.34105084715215517,0.41378752555650566,1
2025-07-14 14:38:00,-0.49743676266007053,-0.4859241797246689,1
2025-07-14 14:39:00,0.012777339662776138,-0.2554538029383816,1
2025-07-14 14:40:00,0.47902482290122966,0.09540349809584793,1
2025-07-14 14:41:00,0.04360122448431206,0.11891994595423296,1
2025-07-14 14:42:00,0.21091585230887017,0.3308380193879228,1
2025-07-14 14:43:00,0.35033252298404804,0.11182088764492794,1
2025-07-14 14:44:00,0.17118891449139978,0.09510097428199568,1
2025-07-14 14:45:00,0.18247772166595488,-0.21223922479622345,1
2025-07-14 14:46:00,0.47205919704241234,0.28668471105505255,1
2025-07-14 14:47:00,0.05781959998093021,0.1503305438269428,1
2025-07-14 14:48:00,0.49144149080830124,0.39789047067205424,1
2025-07-14 14:49:00,0.051989944939032334,-0.27466682914399115,1
2025-07-14 14:50:00,0.7096158656777665,0.43029557049786166,1
2025-07-14 14:51:00,0.26739739175982463,0.11182088764492794,1
2025-07-14 14:52:00,0.49649075373091933,0.22044639788946221,1
2025-07-14 14:53:00,1.468087082250793,0.8995542982779625,1
2025-07-14 14:54:00,-0.06871778839849735,-0.3686472087248264,-1
2025-07-14 14:55:00,0.2569284022735999,0.10541093540126943,1
2025-07-14 14:56:00,0.5647275798464941,0.41378752555650566,1
2025-07-14 14:57:00,-0.6772455947671603,-0.620305803222741,1
2025-07-14 14:58:00,0.3239455670049963,0.10541093540126943,1
2025-07-14 14:59:00,0.0028212877254041036,0.11891994595423296,1
2025-07-14 15:00:00,-0.1578959019603335,-0.07376629295207034,1
2025-07-14 15:01:00,-0.37430282714071084,-0.4859241797246689,1
2025-07-14 15:02:00,-0.36484096764306495,-0.3686472087248264,1
2025-07-14 15:03:00,0.13447885869229914,0.054809085896618405,1
2025-07-14 15:04:00,0.027970294670888893,0.09510097428199568,1
2025-07-14 15:05:00,-0.22062964203902358,-0.21223922479622345,1
2025-07-14 15:06:00,0.11884329027087298,0.37853079784488947,1
2025-07-14 15:07:00,0.33985048162377296,0.16272949706717713,1
2025-07-14 15:08:00,0.5424605848341827,0.43029557049786166,1
2025-07-14 15:09:00,0.6373185128851936,0.24019182511917483,1
2025-07-14 15:10:00,-0.0015930812086601062,0.17407130789931807,1
2025-07-14 15:11:00,-0.13104213879702734,-0.029405080666718136,1
2025-07-14 15:12:00,-0.6263470833066365,-0.5322871907649449,1
2025-07-14 15:13:00,-0.4677165446620135,-0.6981107533254223,1
2025-07-14 15:14:00,0.6020834125291998,0.6637425330950296,1
2025-07-14 15:15:00,-0.009466007256869864,0.055463849903575606,1
2025-07-14 15:16:00,-0.456336802117186,-0.5322871907649449,1
2025-07-14 15:17:00,0.21409547602861415,0.10541093540126943,1
2025-07-14 15:18:00,0.7264637488552956,0.8028185109778586,1
2025-07-14 15:19:00,0.060702087785973885,0.0729103763547596,1
2025-07-14 15:20:00,0.7112616584852446,0.5548205421537942,1
2025-07-14 15:21:00,0.3231291663566024,0.5204411054144006,1
2025-07-14 15:22:00,0.28849634865609397,0.11891994595423296,1
2025-07-14 15:23:00,0.6353343225944135,0.9964912719126799,1
2025-07-14 15:24:00,0.06523266945697792,-0.07235172997157778,1
2025-07-14 15:25:00,-0.7116287764949604,-0.39500956845359453,1
2025-07-14 15:26:00,-0.23689567984353554,-0.009307850422496542,1
2025-07-14 15:27:00,-0.2746582042960718,-0.3021727185638707,1
2025-07-14 15:28:00,0.42642890746194584,0.09019238362148731,1
2025-07-14 15:29:00,0.43502240935775355,0.3473460643292788,1
2025-07-14 15:30:00,0.3698190899996973,0.43029557049786166,1
2025-07-14 15:31:00,1.4063707978003206,1.0144622986901681,1
2025-07-14 15:32:00,-0.1893063495501256,0.10541093540126943,1
2025-07-14 15:33:00,-0.45890169537722325,-0.21223922479622345,1
2025-07-14 15:34:00,0.3414216833535805,0.3308380193879228,1
2025-07-14 15:35:00,0.42609919367150917,0.32671525440678156,1
2025-07-14 15:36:00,-0.0673326181036199,0.1319519248335568,1
2025-07-14 15:37:00,0.16642549746530505,0.09540349809584793,1
2025-07-14 15:38:00,0.07160426385795626,0.12303643130014714,1
2025-07-14 15:39:00,-0.3774669844538763,-0.24665748915644,1
2025-07-14 15:40:00,-0.6159997773868655,-0.3686472087248264,1
2025-07-14 15:41:00,-0.2994874023839271,-0.39500956845359453,1
2025-07-14 15:42:00,-0.16783595409024452,-0.09058393133780818,1
2025-07-14 15:43:00,-0.29368370941494076,-0.12689842143571103,1
2025-07-14 15:44:00,0.5628454984535253,0.30569075564136367,1
2025-07-14 15:45:00,-0.5374903715982396,-0.3559512531711452,1
2025-07-14 15:46:00,-0.065436980020049,0.3462348628238036,1
2025-07-14 15:47:00,-0.18605729836423818,0.0988923105396476,1
2025-07-14 15:48:00,0.02783381757504777,0.06319859949870589,1
2025-07-14 15:49:00,-0.2275900175086001,-0.2821869242907961,1
2025-07-14 15:50:00,-0.09037633097680342,0.002581846397501482,1
2025-07-14 15:51:00,-0.717463864325816,-0.9515376730172571,1
2025-07-14 15:52:00,-0.2588076749312347,0.054809085896618405,1
2025-07-14 15:53:00,-0.03703156985248135,-0.21223922479622345,1
2025-07-14 15:54:00,0.4059215113708756,0.4481669622958991,1
2025-07-14 15:55:00,0.6352116408239967,0.41378752555650566,1
2025-07-14 15:56:00,-0.27503541731417563,-0.38122455684657836,1
2025-07-14 15:57:00,0.4231781528072344,0.30868802733454703,1
2025-07-14 15:58:00,1.3219766713458447,0.8995542982779625,1
2025-07-14 15:59:00,-0.025401729934180745,-0.1486335607878411,1
2025-07-14 16:00:00,0.6220779265029565,0.3473460643292788,1
2025-07-14 16:01:00,0.017139347597006027,-0.2554538029383816,1
2025-07-14 16:02:00,-0.5186566401252958,-0.4859241797246689,1
2025-07-14 16:03:00,-0.04201207811690194,-0.21223922479622345,1
2025-07-14 16:04:00,-0.4031589403624281,-0.3021727185638707,1
2025-07-14 16:05:00,0.582007128426185,0.3140073630367846,1
2025-07-14 16:06:00,-0.8840574459192463,-0.6268064516734337,1
2025-07-14 16:07:00,0.16744346150195938,-0.12689842143571103,1
2025-07-14 16:08:00,-0.37637418337243866,-0.37725277026216725,1
2025-07-14 16:09:00,-0.5860345795463182,-0.28094948455715535,1
2025-07-14 16:10:00,0.6253410339573628,0.42309876233382293,1
2025-07-14 16:11:00,-0.5298707906448793,-0.3686472087248264,1
2025-07-14 16:12:00,0.2326144545542011,0.10541093540126943,1
2025-07-14 16:13:00,-0.2450557432766604,-0.09058393133780818,1
2025-07-14 16:14:00,0.4233367373011294,0.529752342191718,1
2025-07-14 16:15:00,-0.9681514044479915,-0.4859241797246689,1
2025-07-14 16:16:00,0.04636233541286469,0.10541093540126943,1
2025-07-14 16:17:00,-0.6823242941672891,-0.2821869242907961,1
2025-07-14 16:18:00,-1.002425533790095,-0.5322871907649449,1
2025-07-14 16:19:00,0.2734332460022509,0.10541093540126943,1
2025-07-14 16:20:00,0.13460994769587123,0.07432976963554223,1
2025-07-14 16:21:00,-0.02389299812873455,0.06113786742085848,1
2025-07-14 16:22:00,-0.10421815192726741,0.16998392625637235,1
2025-07-14 16:23:00,0.032400152051085776,0.10541093540126943,1
2025-07-14 16:24:00,0.3283564236016887,0.41378752555650566,1
2025-07-14 16:25:00,0.3692572847790047,0.6098868368248175,1
2025-07-14 16:26:00,0.6432014399156585,0.41378752555650566,1
2025-07-14 16:27:00,0.7387879596923379,0.39789047067205424,1
2025-07-14 16:28:00,-0.22078799661029208,-0.24969365348376743,1
2025-07-14 16:29:00,-0.1615255742696364,-0.2619708735903099,1
2025-07-14 16:30:00,-0.7163720009508616,-0.6340892045731544,1
2025-07-14 16:31:00,0.42508514190650104,1.0144622986901681,1
2025-07-14 16:32:00,-0.1938947961560778,-0.09058393133780818,1
2025-07-14 16:33:00,-0.7908186960880181,-0.620305803222741,-1
2025-07-14 16:34:00,-0.6089665075282626,-0.3753170646910878,1
2025-07-14 16:35:00,-0.46229107805261177,-0.4859241797246689,1
2025-07-14 16:36:00,0.7506100639020601,0.34322329934813756,1
2025-07-14 16:37:00,-0.6108862397396633,-0.6268064516734337,1
2025-07-14 16:38:00,-0.0013168584025773228,0.11182088764492794,1
2025-07-14 16:39:00,-0.14903293728311326,-0.21223922479622345,1
